name,ra,dec,pm_ra,pm_dec,parallax,spect_type,_class,dist
HIP 48752,149.16726051,-89.78245385,-14.75,10.54,4.17,A0IV,STAR A0IV,239.81
HIP 71348,218.87831588,-89.771696,-8.85,-8.78,2.08,M4III,STAR M4III,480.77
HIP 42708,130.51854607,-89.4605018,16.38,-13.3,2.39,M1III,STAR M1III,418.41
HIP 78866,241.48101072,-89.30844881,-23.75,-40.83,11.95,F2/F3V,STAR F2V,83.68
HIP 22645,73.08412819,-89.27396066,22.02,21.43,4.42,A3m...,STAR A3,226.24
HIP 54065,165.95273774,-89.23917414,-62.91,11.01,9.18,F0IV/V,STAR F0IV,108.93
HIP 3560,11.37459799,-89.16899196,61.88,-7.64,7.74,G2V:,STAR G2V,129.20
HIP 90987,278.38554942,-89.13745594,-8.55,-32.32,2.96,K0III+...,STAR K0III,337.84
HIP 40104,122.88527773,-89.00436594,5.6,-20.53,5.42,A7III,STAR A7III,184.50
HIP 104382,317.19172547,-88.9565112,25.96,5.02,12.07,F0III,STAR F0III,82.85
HIP 23845,76.90313924,-88.87031204,6.45,13.23,4.78,A1m...,STAR A1,209.21
HIP 35861,110.89900337,-88.85198288,-18.88,23.1,4.07,B9V,STAR B9V,245.70
HIP 112355,341.37331127,-88.8182074,22.14,-35.7,9.99,A7IV,STAR A7IV,100.10
HIP 92231,281.94714007,-88.77559063,22.55,-29.69,2.69,K1/K2III,STAR K1III,371.75
HIP 30678,96.69688072,-88.74373403,-1.53,15.74,4.28,B8IV,STAR B8IV,233.64
HIP 49368,151.17048401,-88.6738019,-21.66,14.03,3.36,F0IV/V,STAR F0IV,297.62
HIP 76725,235.02212866,-88.65457177,3.15,-24.61,1.8,K5III,STAR K5III,555.56
HIP 92300,282.18883445,-88.64039304,-3.55,-34.16,7.13,F3V,STAR F3V,140.25
HIP 39106,120.00244573,-88.60601643,-15.64,22.14,4.26,K3,STAR K3,234.74
HIP 32897,102.81526124,-88.53533293,-47.92,187.5,15.94,G2V,STAR G2V,62.74
HIP 66780,205.30113384,-88.48366695,5.41,-0.48,1.93,A0III/IV,STAR A0IV,518.13
HIP 38078,117.05068957,-88.45555971,-52.87,29.31,7.13,G2V,STAR G2V,140.25
HIP 104602,317.84743261,-88.45293992,3.61,4.28,3.05,K4III:,STAR K4III,327.87
HIP 60041,184.69478395,-88.41494466,-32.53,9.52,5.16,B9V,STAR B9V,193.80
HIP 29078,92.0128153,-88.37471461,-3.6,6.64,0.92,K1III:,STAR K1III,"1,086.96"
HIP 1007,3.14031225,-88.36287521,13.92,2.64,1.73,B9.5IV,STAR B9IV,578.03
HIP 8469,27.29750272,-88.35744689,18.56,9.27,3.1,B9/B9.5V,STAR B9V,322.58
HIP 54441,167.08632113,-88.35027692,-45.54,2.86,3.99,K1/K2III/IV,STAR K1IV,250.63
HIP 22379,72.26009098,-88.27117985,7.79,10.35,2.77,M2III,STAR M2III,361.01
HIP 10768,34.64451014,-88.14567966,-12.87,-17.88,5.55,G8IV,STAR G8IV,180.18
HIP 75736,232.08618345,-88.13281448,-88.78,-80.65,15.54,Am,STAR A0,64.35
HIP 62662,192.59313824,-88.12099013,-20.02,-18.32,8.73,F6/F7V,STAR F6V,114.55
HIP 57037,175.43679167,-88.06216667,,,,K5V,STAR K5V,#DIV/0!
HIP 32914,102.865625,-87.98325,,,,K3III:,STAR K3III,#DIV/0!
HIP 46043,140.84701457,-87.97397795,-21.91,19.96,2.62,K2,STAR K2,381.68
HIP 114889,349.07099452,-87.96052053,8.31,-4.02,0.57,M2III,STAR M2III,"1,754.39"
HIP 12931,41.58674786,-87.91213367,-0.92,1.68,2.69,A4IVp...,STAR A4IV,371.75
HIP 37199,114.63246458,-87.90611061,0.72,6.4,0.22,K0,STAR K0,"4,545.45"
HIP 5654,18.1616904,-87.86462696,-35.05,-25.76,7.28,G3V:,STAR G3V,137.36
HIP 97658,297.71916657,-87.84523235,-2.68,-34.09,2.94,F5V,STAR F5V,340.14
HIP 99687,303.43283338,-87.82269434,80.18,-121.93,12.24,G0V+...,STAR G0V,81.70
HIP 20325,65.3152272,-87.81311163,62.66,68.84,17.08,F5V,STAR F5V,58.55
HIP 110397,335.43036319,-87.80495774,133.74,-210.25,16.23,G3/G5IV,STAR G3IV,61.61
HIP 77114,236.18726193,-87.77643564,-48.48,-29.67,4.51,G6V,STAR G6V,221.73
HIP 50402,154.37537963,-87.72845521,-4.31,20.82,3.65,K1III,STAR K1III,273.97
HIP 40861,125.07335296,-87.72808059,-2.36,84.4,6.76,F5IV/V,STAR F5IV,147.93
HIP 75386,231.068889,-87.71192473,-39.54,-43.97,7.98,G6III,STAR G6III,125.31
HIP 1649,5.17280122,-87.66706225,128.8,43.67,11.33,G2V,STAR G2V,88.26
HIP 68569,210.57031074,-87.61535847,4.82,-3.44,2.44,K0III,STAR K0III,409.84
HIP 92824,283.69853501,-87.60551487,-36.69,-135.22,13.06,K3III,STAR K3III,76.57
HIP 84461,259.00349797,-87.5658958,-117.8,-156.05,5.32,G5III,STAR G5III,187.97
HIP 64690,198.8728529,-87.56030424,-221.35,-155.49,40.52,G5IV-V,STAR G5IV,24.68
HIP 115193,349.98143176,-87.55629096,30.92,29.71,6.57,F5V,STAR F5V,152.21
HIP 115836,352.01486122,-87.48224182,16.29,11.48,6.24,K2III,STAR K2III,160.26
HIP 100968,307.06872886,-87.47206607,169.74,-57.85,12.81,G3V,STAR G3V,78.06
HIP 903,2.78668359,-87.41423771,26.67,4.96,4.41,F8/G0V,STAR F8V,226.76
HIP 58185,178.99996635,-87.40319896,-6.87,-4.67,0.45,K1/K2III:,STAR K1III,"2,222.22"
HIP 88018,269.67191493,-87.36446589,-0.77,-30.76,5.39,K2/K3III,STAR K2III,185.53
HIP 5953,19.1520414,-87.34044714,7.99,-5.16,1.69,K4/K5III,STAR K4III,591.72
HIP 10809,34.7869698,-87.32151345,16.71,19.29,5.6,A3m...,STAR A3,178.57
HIP 13844,44.55309936,-87.32054873,24.35,-37.67,12.49,F6V,STAR F6V,80.06
HIP 111644,339.2478192,-87.3203913,-1.39,16.75,3.49,K0III,STAR K0III,286.53
HIP 33601,104.71716332,-87.30475791,13.66,-24.52,9.94,F6IV,STAR F6IV,100.60
HIP 83769,256.80656771,-87.2970817,0.12,47.89,7.47,F3/F5V,STAR F3V,133.87
HIP 56557,173.93385708,-87.26940521,-290.1,-24.77,17.09,G5IV/V,STAR G5IV,58.51
HIP 77470,237.27048337,-87.26643504,-0.68,-48.78,16.4,F5V,STAR F5V,60.98
HIP 87780,268.97181036,-87.24026537,6.46,-11.94,2.98,K3/K4III,STAR K3III,335.57
HIP 46512,142.30527985,-87.2369207,-10.38,5.33,1.39,B6III,STAR B6III,719.42
HIP 8550,27.57020475,-87.22843276,-26.9,-23.58,6.94,F5/F6V,STAR F5V,144.09
HIP 64109,197.08586661,-87.21951279,0.46,83.36,27.1,G6IV/V,STAR G6IV,36.90
HIP 15307,49.37385772,-87.21601247,-9.65,-2.09,2.96,A4:m...,STAR A4,337.84
HIP 83217,255.11210519,-87.20273044,-179.88,-156.04,20.11,G8/K0V,STAR G8V,49.73
HIP 106463,323.44377949,-87.18708091,8.67,1.76,2.99,G8/K0III,STAR G8III,334.45
HIP 94254,287.78986912,-87.1866899,8.36,10.31,1.92,M0/M1III:,STAR M1III,520.83
HIP 73883,226.5129939,-87.17411509,10.19,32.3,12.52,F5/F6V,STAR F5V,79.87
HIP 45816,140.12623123,-87.16666721,-9.75,6.79,2.85,A0IV,STAR A0IV,350.88
HIP 82459,252.77350829,-87.13678223,-2.81,-3.69,0.18,M3,STAR M3,"5,555.56"
HIP 113652,345.2757417,-87.05303079,0.83,-6.62,-2.25,Me,STAR M0e,-444.44
HIP 105585,320.78570241,-87.05208763,103.04,-87.76,19.1,G8:III:+...,STAR G8III,52.36
HIP 105569,320.72075456,-87.04833848,130.11,-90.02,3.2,G5,STAR G5,312.50
HIP 32500,101.74383218,-87.02497454,4.64,4.2,25.55,F3V,STAR F3V,39.14
HIP 32760,102.46101193,-86.93250381,2,-33.09,5.37,F2IV/V,STAR F2IV,186.22
HIP 20198,64.93792379,-86.92661327,1.55,9.35,1.82,G8III,STAR G8III,549.45
HIP 48620,148.72165843,-86.91028242,-26.34,10.85,4.44,K3III,STAR K3III,225.23
HIP 27050,86.04293325,-86.90219893,-7.28,4.41,3.98,G8III,STAR G8III,251.26
HIP 52065,159.58511513,-86.89721065,-37.04,35.39,16.91,G5/G6IV,STAR G5IV,59.14
HIP 86410,264.84561595,-86.8851355,-8.76,-9.35,8.63,F5/F6III/IV,STAR F5IV,115.87
HIP 28682,90.83193848,-86.78612066,11.65,8.8,4.74,F3IV/V,STAR F3IV,210.97
HIP 103426,314.31113357,-86.78079801,14.95,-15.03,3.82,B9.5:Vn,STAR B9V,261.78
HIP 36813,113.56630353,-86.77242457,-10.43,5.3,0.73,K0/K1II/III,STAR K1III,"1,369.86"
HIP 59086,181.75233658,-86.76015425,-10.54,1.58,2.51,G8II,STAR G8II,398.41
HIP 66710,205.11107857,-86.72515803,-20.18,-7.47,3.45,G8/K0III,STAR G8III,289.86
HIP 2764,8.81747147,-86.70523233,47.78,8.77,5.16,F2V,STAR F2V,193.80
HIP 13778,44.33217294,-86.70191862,5.79,24.42,7.4,F5IV,STAR F5IV,135.14
HIP 91074,278.65808078,-86.66255283,-2.59,-10.02,5.16,F5V,STAR F5V,193.80
HIP 43636,133.30567207,-86.56230265,15.71,-3.13,3.63,G8/K0III,STAR G8III,275.48
HIP 40514,124.07271791,-86.55740379,-30.23,45.59,10.44,A1IV/V,STAR A1IV,95.79
HIP 50605,155.05767619,-86.55689316,-47.25,28.96,13.45,F5IV,STAR F5IV,74.35
HIP 86836,266.15250714,-86.48624487,3.38,-15.96,-1.18,,UNIDENTIFIED,-847.46
HIP 109686,333.28231115,-86.47928188,3.88,6.8,4.64,A2IV,STAR A2IV,215.52
HIP 73791,226.23202302,-86.47156727,22.62,28.09,4.39,K0III,STAR K0III,227.79
HIP 65758,202.20864631,-86.44950865,-160.74,-56.86,17.94,G5/G6V,STAR G5V,55.74
HIP 13281,42.73046328,-86.41991139,194.07,205.45,6.41,G3/G5IV/V,STAR G3IV,156.01
HIP 116717,354.80363544,-86.39895146,35.04,-33.26,8.76,F0IV,STAR F0IV,114.16
HIP 72636,222.76087078,-86.39474542,-4.62,3.51,1.58,K4III,STAR K4III,632.91
HIP 27734,88.07529352,-86.39350894,-18.81,-1.21,3.19,G8III,STAR G8III,313.48
HIP 25412,81.52576156,-86.3883411,0.03,32.05,3.28,Md,STAR M0,304.88
HIP 40951,125.36438203,-86.37689869,-29.65,71.09,11.82,F5V,STAR F5V,84.60
HIP 113840,345.81687936,-86.3744281,25.74,-22.47,1.43,R...,UNIDENTIFIED,699.30
HIP 51737,158.56688435,-86.37090936,76.51,-18.07,9.8,F5V,STAR F5V,102.04
HIP 83255,255.24350817,-86.36429709,8.21,0,5.45,A2V,STAR A2V,183.49
HIP 86937,266.4657688,-86.29841047,29.19,-15.32,5.68,F0IIw...,STAR F0II,176.06
HIP 34967,108.52729662,-86.25133245,-89.68,57.81,11.86,F8V,STAR F8V,84.32
HIP 18872,60.68396133,-86.24539628,35.27,19.35,6.89,F2/F3III,STAR F2III,145.14
HIP 54474,167.17223125,-86.23094263,-28.12,5.17,3.37,M2III,STAR M2III,296.74
HIP 83987,257.53717943,-86.2042246,-0.3,-15.82,4.68,A5V,STAR A5V,213.68
HIP 92332,282.27736555,-86.19525737,51.15,-60.52,13.36,F5V,STAR F5V,74.85
HIP 19514,62.71031203,-86.1944487,-1.86,-1.52,2.45,F5IV,STAR F5IV,408.16
HIP 703,2.19229374,-86.1885047,4.79,6.34,-2.92,,UNIDENTIFIED,-342.47
HIP 9250,29.72803549,-86.18441423,2.71,31.21,7.09,F3V,STAR F3V,141.04
HIP 101562,308.75728771,-86.16361121,-30.74,60.06,6.91,F6V,STAR F6V,144.72
HIP 78948,241.7534195,-86.16055736,3.84,11.84,7.3,F7V,STAR F7V,136.99
HIP 110867,336.92608349,-86.15565341,167.84,-159.78,16.19,K0III,STAR K0III,61.77
HIP 60638,186.40949088,-86.15059684,-4.91,-6.56,4.26,K0III,STAR K0III,234.74
HIP 15574,50.15817334,-86.13826854,0.19,-18.04,6.75,F6V,STAR F6V,148.15
HIP 100793,306.55169182,-86.10480106,1,6.2,3.87,G8III,STAR G8III,258.40
HIP 51472,157.70531633,-86.09067844,1.11,-2.75,8.68,A1/A2IV/V,STAR A1IV,115.21
HIP 77613,237.67036179,-86.08511777,6.94,2.81,4.08,F2/F3V,STAR F2V,245.10
HIP 27710,88.01791555,-86.07520366,-12.73,43.38,9.48,F0IV,STAR F0IV,105.49
HIP 620,1.90322981,-86.03877612,22.73,6.98,2.53,B9IV,STAR B9IV,395.26
HIP 94002,287.08348164,-86.01414784,3.19,6.24,4.55,A8/A9V,STAR A8V,219.78
HIP 46892,143.32536808,-86.01002222,-51.52,-19.22,10.7,F3/F5IV+...,STAR F3IV,93.46
HIP 46870,143.26397746,-86.0095987,-48.86,-20.46,11.06,F2,STAR F2,90.42
HIP 111196,337.90761619,-85.96740206,-37.64,61.25,9.88,K0III,STAR K0III,101.21
HIP 67891,208.57060868,-85.95903167,-70.59,-20.51,8.02,F3IV,STAR F3IV,124.69
HIP 48976,149.86145383,-85.95425466,3.17,-16.08,6.71,F0IV,STAR F0IV,149.03
HIP 15974,51.41715619,-85.94625596,-2.87,15.99,1.31,F0V,STAR F0V,763.36
HIP 7302,23.50564042,-85.93587337,-0.66,-15.06,2.37,K3III:,STAR K3III,421.94
HIP 54409,167.00106139,-85.9176576,-6.55,-8.84,2.72,G8III,STAR G8III,367.65
HIP 37470,115.36228294,-85.91630233,-20.49,28.06,7.63,A9II/III,STAR A9III,131.06
HIP 26661,84.99718963,-85.91434283,-20.7,6.9,7.33,G8III,STAR G8III,136.43
HIP 108907,330.91231076,-85.90261825,24.97,31.94,9.2,G0IV/V,STAR G0IV,108.70
HIP 117751,358.20372197,-85.89554481,-0.07,18.44,5.92,A1m...,STAR A1,168.92
HIP 3470,11.08845455,-85.89152517,91.56,-4.2,15.37,F8/G0V,STAR F8V,65.06
HIP 12610,40.53246874,-85.8581115,18.56,6.27,5.48,A3/A4V,STAR A3V,182.48
HIP 107949,328.04645652,-85.83656586,-16.72,1.69,10.51,F7V,STAR F7V,95.15
HIP 87742,268.84613895,-85.8298956,5.86,-18.19,3.24,G8II,STAR G8II,308.64
HIP 66323,203.88107548,-85.82426705,-17.56,-6.19,4.33,B9.5IV,STAR B9IV,230.95
HIP 7931,25.48924531,-85.79551123,-5.79,6.81,4,K1III,STAR K1III,250.00
HIP 66753,205.23406365,-85.78599228,-87.65,-21.03,12.71,A2m...,STAR A2,78.68
HIP 59059,181.67689241,-85.78040428,-31.16,1.82,5.45,A1/A2IV,STAR A1IV,183.49
HIP 44020,134.47254454,-85.74890246,-42.56,54.04,5.56,F3/F5IV/V,STAR F3IV,179.86
HIP 54279,166.55585103,-85.74886404,-19.99,9.31,5.38,B9.5IV,STAR B9IV,185.87
HIP 32458,101.61375826,-85.74609745,-1.45,9.7,3.75,A1IV/V,STAR A1IV,266.67
HIP 105871,321.62701563,-85.72263129,167.71,-61.94,8.05,K0IV/V,STAR K0IV,124.22
HIP 10993,35.41931688,-85.71789991,4.59,-20.51,7.44,F0IV/V,STAR F0IV,134.41
HIP 115928,352.3180117,-85.7094001,4.99,-9.12,1.4,G5III,STAR G5III,714.29
HIP 91434,279.70799692,-85.70884796,147.5,-42.38,15.89,G0V,STAR G0V,62.93
HIP 3114,9.90895997,-85.70084431,173.24,-12.36,6.18,K5III,STAR K5III,161.81
HIP 39319,120.58650309,-85.69091786,-10.76,17.02,1.3,K2III:,STAR K2III,769.23
HIP 75015,229.93314426,-85.67958187,-58.3,2.27,13.2,F8/G0V,STAR F8V,75.76
HIP 43908,134.1745136,-85.66323432,-116.27,33.74,20.73,F0III,STAR F0III,48.24
HIP 14210,45.80471396,-85.6393703,9.39,0.6,1.66,Mb,STAR M0,602.41
HIP 105581,320.77831971,-85.63876238,-6.82,7.32,2.09,K5,STAR K5,478.47
HIP 58713,180.637414,-85.63747469,-41.1,0.73,5.01,F8,STAR F8,199.60
HIP 58697,180.58615049,-85.63176087,-56.44,1.55,9.74,K3III,STAR K3III,102.67
HIP 60926,187.30282883,-85.57924918,23.38,30.35,11.73,F6V,STAR F6V,85.25
HIP 93082,284.42308182,-85.56527347,-4.26,-23.31,2.56,M2III,STAR M2III,390.63
HIP 64709,198.93602337,-85.56118423,-27.09,-7.29,3.41,Ap...,STAR A0,293.26
HIP 105532,320.60966575,-85.54067864,-3.42,5.47,5.94,A2,STAR A2,168.35
HIP 80852,247.66829876,-85.51065183,-20.82,-13.72,3.51,K2/K3III,STAR K2III,284.90
HIP 112146,340.73561405,-85.50996088,7.05,-9.67,2.3,K2III,STAR K2III,434.78
HIP 56706,174.39630992,-85.48649606,29.76,9.15,11.36,F2III/IV,STAR F2IV,88.03
HIP 23372,75.37430734,-85.48621573,-58.01,-68.33,7.28,F5V,STAR F5V,137.36
HIP 37010,114.10189877,-85.43570208,-12.82,22.21,4.82,A7/A8V,STAR A7V,207.47
HIP 3053,9.69033976,-85.41237038,-86.37,-28.79,26.42,G8V,STAR G8V,37.85
HIP 22504,72.63706679,-85.37507484,48.4,-38,23.2,G3V,STAR G3V,43.10
HIP 63852,196.29366439,-85.36962151,-28,-2.61,2.68,K1III,STAR K1III,373.13
HIP 71564,219.54197435,-85.29364143,-48.54,-26.41,8.32,F7/F8V,STAR F7V,120.19
HIP 105628,320.91633142,-85.28828505,13.09,-25.75,5.59,A2/A3V,STAR A2V,178.89
HIP 83487,255.94927694,-85.28699684,-0.27,-18.91,4.52,A2/A3IV,STAR A2IV,221.24
HIP 51723,158.52429031,-85.28156938,-16.46,13.28,4.94,K1III,STAR K1III,202.43
HIP 17328,55.63620779,-85.26202284,20.99,24.32,6.78,B9V,STAR B9V,147.49
HIP 2928,9.28648678,-85.25251475,57.45,-44.31,3.74,K1III:,STAR K1III,267.38
HIP 88274,270.39253838,-85.21447624,-4.48,-144.72,14.91,F4V,STAR F4V,67.07
HIP 105145,319.50038449,-85.20114168,60.79,-19.93,5.99,K0III,STAR K0III,166.94
HIP 52020,159.42081224,-85.19455547,-16.67,1.71,6.19,B9.5V,STAR B9V,161.55
HIP 17079,54.89258674,-85.19451614,1.52,-8.53,2.81,K2/K3III:,STAR K2III,355.87
HIP 29830,94.22089682,-85.1851222,41.32,162.49,9.56,,UNIDENTIFIED,104.60
HIP 81063,248.35765065,-85.18153504,-66.08,-274.04,12.09,,UNIDENTIFIED,82.71
HIP 94930,289.75975242,-85.18121575,5.27,-2.7,-3.12,,UNIDENTIFIED,-320.51
HIP 12823,41.21596259,-85.15900357,-1.66,9.31,1.85,K2III,STAR K2III,540.54
HIP 63031,193.7431157,-85.12342237,67.47,22.11,8.79,K0III,STAR K0III,113.77
HIP 120071,151.90874574,-85.11982654,-15.81,14.8,3.83,,UNIDENTIFIED,261.10
HIP 57484,176.74864431,-85.10764555,-18.11,1.56,3.49,B8/B9V,STAR B8V,286.53
HIP 88896,272.22050367,-85.08438618,-3.05,-17.32,1.94,G6III,STAR G6III,515.46
HIP 102575,311.80740748,-85.08230504,28.08,-19.4,2.98,G8III,STAR G8III,335.57
HIP 49616,151.88902078,-85.07679025,-563.56,393.83,8.93,G3V,STAR G3V,111.98
HIP 40701,124.62467964,-85.07642753,-59.35,57.07,3.17,K5/M0III:,STAR K5III,315.46
HIP 29313,92.71579878,-85.06296748,-2.37,20.63,3.47,G8III/IV,STAR G8IV,288.18
HIP 59731,183.7483558,-85.05760764,-14.96,11.92,6.76,F3/F5V,STAR F3V,147.93
HIP 8783,28.24270726,-85.03486171,17.82,10.54,3.09,A0IV/V,STAR A0IV,323.62
HIP 108129,328.59368104,-85.03358338,-25.51,10.91,7.33,K0/K1III,STAR K1III,136.43
HIP 34374,106.89425028,-85.0265054,-12.35,37.41,4.92,A5IV/V,STAR A5IV,203.25
HIP 12078,38.92660772,-85.01699106,-7.38,-8.74,4.99,K1III,STAR K1III,200.40
HIP 60297,185.45786494,-85.0101548,16.07,48.74,5.72,G8IIICN...,STAR G8III,174.83
HIP 82768,253.73082351,-85.00985738,-46.34,-31.69,3.35,K0III,STAR K0III,298.51
HIP 114668,348.44561411,-85.00943575,7.31,0.42,1.9,M...,STAR M0,526.32
HIP 91202,279.07614507,-85.00756678,6.18,2.18,3.88,A3m...,STAR A3,257.73
HIP 96614,294.63920042,-85.00459438,92.8,-29.93,10.72,G1V,STAR G1V,93.28
HIP 1074,3.3314522,-84.99402068,10.97,17.4,4,M0/M1III,STAR M1III,250.00
HIP 55746,171.32525747,-84.95456894,-47.95,12.13,12.07,F5V,STAR F5V,82.85
HIP 81367,249.25447721,-84.9468142,-30.53,-10.23,4.7,K1III,STAR K1III,212.77
HIP 3899,12.50325276,-84.93524164,9.44,10.54,4.76,F5V,STAR F5V,210.08
HIP 98708,300.73047139,-84.91970177,11.92,-19.22,2.34,G8III,STAR G8III,427.35
HIP 26932,85.74467347,-84.90101081,-1.94,1.1,5.15,F0IV,STAR F0IV,194.17
HIP 114306,347.24298148,-84.87983544,17.1,-12.93,0.54,K0III,STAR K0III,"1,851.85"
HIP 21989,70.90002049,-84.81108962,-3.31,-2.47,3.79,,UNIDENTIFIED,263.85
HIP 106320,323.01192811,-84.80999675,31.31,-29.78,4.89,K3III,STAR K3III,204.50
HIP 20930,67.31937818,-84.80510807,9.07,-4.4,1.91,M4/M5III,STAR M4III,523.56
HIP 68695,210.92328182,-84.79153781,-35.96,-25.1,4.1,K2III,STAR K2III,243.90
HIP 74296,227.78664063,-84.78782184,3.22,4.03,10.24,B9.5V,STAR B9V,97.66
HIP 25776,82.55804936,-84.78521152,-6.84,44.27,9.35,A1V,STAR A1V,106.95
HIP 7568,24.3657494,-84.76965017,34.69,23.45,8.94,K0III,STAR K0III,111.86
HIP 76800,235.2152524,-84.75737247,-4.79,0.93,4.86,K0III,STAR K0III,205.76
HIP 105274,319.85350136,-84.75622445,91.81,-68.75,15.2,F6/F7V,STAR F6V,65.79
HIP 8976,28.92446139,-84.75116435,16.41,3.4,2.33,M1III,STAR M1III,429.18
HIP 92145,281.70840136,-84.72673733,7.2,-39.11,3.59,K1III,STAR K1III,278.55
HIP 95781,292.22442333,-84.71995362,68.97,-80.35,13,G5IV,STAR G5IV,76.92
HIP 16131,51.94545855,-84.71573862,121.73,66.91,8.9,K0IV,STAR K0IV,112.36
HIP 86072,263.86520504,-84.69673394,57.58,-1.1,7.66,F8V,STAR F8V,130.55
HIP 41796,127.83305273,-84.68503387,6.21,0.14,1.29,K1III,STAR K1III,775.19
HIP 110428,335.51053141,-84.66619545,-1.72,-15.56,4.29,M7III,STAR M7III,233.10
HIP 83751,256.76074535,-84.66532909,51.66,-22.13,15.32,G0V,STAR G0V,65.27
HIP 45532,139.19406862,-84.66033929,-28.8,15.67,4.91,K0III,STAR K0III,203.67
HIP 45469,138.98120463,-84.6479754,-14.15,20.05,2.57,M...,STAR M0,389.11
HIP 10436,33.61749095,-84.62370378,5.21,5.28,1.23,B9IV/V,STAR B9IV,813.01
HIP 45357,138.64542788,-84.62337867,-72.98,54.45,5.57,K1III,STAR K1III,179.53
HIP 76178,233.39521625,-84.60870657,-108.85,-149,12.09,G0V,STAR G0V,82.71
HIP 53702,164.80901947,-84.59387348,-64.13,-8.02,9.17,A1V,STAR A1V,109.05
HIP 71747,220.13969388,-84.5713746,7.82,25.89,6.85,K0/K1III,STAR K1III,145.99
HIP 69487,213.39226822,-84.54462906,-48.89,1.02,8.75,K0/K1III,STAR K1III,114.29
HIP 14759,47.65328768,-84.54367107,592.38,209.06,15.27,K5,STAR K5,65.49
HIP 85054,260.73660279,-84.51258905,-19.71,-70.39,8.21,G3V,STAR G3V,121.80
HIP 19732,63.44475023,-84.48581399,-3.61,8.44,0.37,B1Iab:,STAR B1I,"2,702.70"
HIP 68429,210.13426256,-84.48248547,-2.68,-4.92,3.49,K0III,STAR K0III,286.53
HIP 53498,164.15946425,-84.4785631,-14.85,5.3,4.02,B9III,STAR B9III,248.76
HIP 34753,107.91029536,-84.46940884,-10.25,11.65,4.84,B9/B9.5V,STAR B9V,206.61
HIP 76996,235.81708657,-84.46550807,137.01,96.74,15.02,A2V,STAR A2V,66.58
HIP 64743,199.03840172,-84.46283128,-38.67,-44.26,8.45,F6V,STAR F6V,118.34
HIP 80382,246.11715033,-84.45547209,28.97,-78.28,10.45,G2V,STAR G2V,95.69
HIP 39998,122.52773659,-84.4449365,-0.54,19.57,1.45,M2III,STAR M2III,689.66
HIP 54391,166.94008561,-84.43692048,-24.14,17.41,4.46,K0III,STAR K0III,224.22
HIP 108469,329.60330413,-84.4354324,14.43,-15.96,2.7,K1III,STAR K1III,370.37
HIP 102205,310.63978636,-84.40704999,60.3,-25.44,11.89,A1m...,STAR A1,84.10
HIP 88209,270.19602646,-84.40573935,16.73,6.21,5.05,A3IV,STAR A3IV,198.02
HIP 67227,206.63312646,-84.40181044,-32.99,15.59,0.42,,UNIDENTIFIED,"2,380.95"
HIP 93276,284.99965571,-84.40151255,3.89,-56.59,11.96,F8/G0V,STAR F8V,83.61
HIP 90509,277.02644303,-84.38723353,13.15,-9.13,5.47,B8/B9V,STAR B8V,182.82
HIP 95930,292.63953207,-84.38386088,37.83,-53.78,10.09,F5V,STAR F5V,99.11
HIP 98509,300.18674864,-84.38384035,29.51,-6.94,1.7,K1III,STAR K1III,588.24
HIP 21235,68.32444194,-84.37637244,5.9,42.96,3.34,G8III,STAR G8III,299.40
HIP 51084,156.55972836,-84.34834769,-14.22,16.35,2.25,M5/M6e,STAR M5e,444.44
HIP 36020,111.34301268,-84.34008514,-11.9,19.33,1.89,G8/K0III,STAR G8III,529.10
HIP 118119,359.39393659,-84.3321754,-3.51,-1.07,2.33,K0III,STAR K0III,429.18
HIP 105428,320.33758078,-84.30981655,21.89,-15.43,4.44,F5II/III,STAR F5III,225.23
HIP 83366,255.57686403,-84.30368812,-4.65,-5.61,0.68,M3III,STAR M3III,"1,470.59"
HIP 59928,184.39082643,-84.29058037,-94.78,5.3,10.47,F5V,STAR F5V,95.51
HIP 12921,41.55212817,-84.28301179,-71.78,47.21,15.84,G8V,STAR G8V,63.13
HIP 61501,189.02074144,-84.27478179,-18.8,4.97,2.36,B9.5IV/V,STAR B9IV,423.73
HIP 112859,342.83172658,-84.26374148,168.93,-76.31,15.86,M...,STAR M0,63.05
HIP 79242,242.57076306,-84.23153598,-337.59,-31.15,27.88,K0V,STAR K0V,35.87
HIP 51499,157.76420201,-84.22019882,-46.6,12.54,4.72,F2V,STAR F2V,211.86
HIP 19890,63.99564053,-84.18134794,78.46,48.82,6.17,K0/K1III,STAR K1III,162.07
HIP 16781,53.99149338,-84.16307795,-6.97,-31.94,5.88,G3IV/V,STAR G3IV,170.07
HIP 71404,219.02590478,-84.14843301,4.63,4.22,3.11,K3III,STAR K3III,321.54
HIP 107239,325.81276084,-84.14330128,-19.96,-118.48,16.56,G3V,STAR G3V,60.39
HIP 51272,157.09925336,-84.13875316,-5.59,-6.77,7.51,F5V,STAR F5V,133.16
HIP 111982,340.24554266,-84.13668181,-10.44,-106.99,11.23,F6V,STAR F6V,89.05
HIP 79682,243.93430507,-84.12459765,191.12,26.69,19.72,G3V,STAR G3V,50.71
HIP 87414,267.96572109,-84.11113449,13.44,-7.96,13.71,G0V,STAR G0V,72.94
HIP 507,1.51738261,-84.09820798,19.96,2.06,1.8,K3III,STAR K3III,555.56
HIP 56114,172.54557701,-84.09562809,-7.25,-2.44,3.24,B9III/IV,STAR B9IV,308.64
HIP 99902,304.0478475,-84.09058688,-72.71,-56.05,15.99,G8IV/V,STAR G8IV,62.54
HIP 41528,127.04944295,-84.08976395,5.72,-16.46,4.51,F0V,STAR F0V,221.73
HIP 49442,151.4136356,-84.0889266,-104.76,-0.46,14.41,F8V,STAR F8V,69.40
HIP 3036,9.65283516,-84.08731582,17.54,33.67,7.02,F0IV/V,STAR F0IV,142.45
HIP 17287,55.51464023,-84.08356237,-9.45,31.82,5.11,F3II/III,STAR F3III,195.69
HIP 96311,293.74344591,-84.07583507,56.74,-95.17,10.12,F7/F8V,STAR F7V,98.81
HIP 6383,20.50895263,-84.0640202,-152.01,-446.21,7.65,F:,STAR F0,130.72
HIP 68057,209.02258166,-84.06022922,-151.72,-173.61,11.43,G5,STAR G5,87.49
HIP 23180,74.81601779,-84.02255356,8.94,14.05,5.33,F0IV/V,STAR F0IV,187.62
HIP 3627,11.62690894,-84.01173303,49.67,-302.62,6.13,G8V,STAR G8V,163.13
HIP 32435,101.55596616,-83.99168435,18.91,62.52,17.46,F5V,STAR F5V,57.27
HIP 107823,327.66083673,-83.96097102,-4.91,-12.02,3.22,B8V,STAR B8V,310.56
HIP 108744,330.43087927,-83.95304586,27.94,-59.38,5.66,G3V,STAR G3V,176.68
HIP 93481,285.56013978,-83.93975931,-3.23,-13.26,4.01,Ap...,STAR A0,249.38
HIP 104244,316.80768448,-83.92426736,21.74,-0.07,5.24,F2V,STAR F2V,190.84
HIP 34905,108.32953471,-83.92379344,-1.85,10.97,2.86,M0III,STAR M0III,349.65
HIP 74187,227.39365501,-83.90950178,-20.56,-9.02,3.58,A7II,STAR A7II,279.33
HIP 66660,204.98431073,-83.90835876,89.17,14.48,11.87,F5V,STAR F5V,84.25
HIP 80990,248.10771295,-83.90262449,-57.83,-121.26,1.48,A9:Ia/Iab,STAR A9I,675.68
HIP 25758,82.51121925,-83.86860867,3.5,-9.8,8.52,F7V,STAR F7V,117.37
HIP 22763,73.45802473,-83.86582564,5.62,16.27,5.04,F3V,STAR F3V,198.41
HIP 117347,356.90597924,-83.86188317,16,25.63,5.13,G8/K0III/IV,STAR G8IV,194.93
HIP 23824,76.82630615,-83.86025826,58.04,147.61,21.01,F8V,STAR F8V,47.60
HIP 103235,313.71461195,-83.8540283,6.58,-4.71,4.22,F0V,STAR F0V,236.97
HIP 64652,198.79150949,-83.84345332,0.44,-17.75,3.75,F7/F8IV/V,STAR F7IV,266.67
HIP 30523,96.23243215,-83.83064393,-37.43,111.73,9.03,G3/G5IV/V,STAR G3IV,110.74
HIP 60912,187.25253753,-83.80268753,-15.58,7.2,4.52,B8V,STAR B8V,221.24
HIP 98279,299.53832865,-83.78206566,3.81,13.47,3.03,K3III,STAR K3III,330.03
HIP 55372,170.07238722,-83.78082896,26.4,-21.37,4.24,K0III,STAR K0III,235.85
HIP 64213,197.41583177,-83.77979885,-21.74,-0.21,1.04,K0,STAR K0,961.54
HIP 59404,182.78934018,-83.77819593,-16.34,2,5.15,Ap Si,STAR A0,194.17
HIP 78783,241.25796688,-83.77710894,-16.19,-12.87,3.29,A1V,STAR A1V,303.95
HIP 33675,104.93902589,-83.75270337,-10.55,106.93,5.42,G8III,STAR G8III,184.50
HIP 3911,12.53815505,-83.7439717,138.83,29.9,16.94,F7V,STAR F7V,59.03
HIP 112372,341.40629085,-83.7418801,16.56,-21.44,8.35,F3IV/V,STAR F3IV,119.76
HIP 45061,137.67149639,-83.74151272,11.42,5.97,4.9,G8/K0III,STAR G8III,204.08
HIP 82501,252.92363,-83.72662623,-7.25,0.65,4.96,F3V,STAR F3V,201.61
HIP 108322,329.17686022,-83.7265243,159.26,-80.83,13.8,G8IV/V,STAR G8IV,72.46
HIP 38537,118.37252975,-83.72184864,-11.92,35.34,5.88,A6IV/V,STAR A6IV,170.07
HIP 76032,232.92875727,-83.71250508,-7.63,-7.32,5.75,K0III,STAR K0III,173.91
HIP 102484,311.52314636,-83.6875964,9.46,-17.32,4.89,A2m...,STAR A2,204.50
HIP 84800,259.99823111,-83.68231315,75.79,3.9,13.55,G3V,STAR G3V,73.80
HIP 70638,216.73225313,-83.66785308,-95.79,-12.91,11.7,K2III,STAR K2III,85.47
HIP 48724,149.06970698,-83.66024936,-10.93,7.19,2.81,A3V,STAR A3V,355.87
HIP 62239,191.34970361,-83.65765698,-161.48,103.46,8.05,G0V,STAR G0V,124.22
HIP 96923,295.53431963,-83.65422472,38.32,-83.56,10.51,G3V,STAR G3V,95.15
HIP 73796,226.24276326,-83.64753237,-1.43,-8.51,3.38,G8/K0III,STAR G8III,295.86
HIP 95507,291.38354872,-83.63917531,-12.79,-8.55,4.4,F6IV/V,STAR F6IV,227.27
HIP 37226,114.69058972,-83.63670713,-25.71,186.28,2.6,G0,STAR G0,384.62
HIP 19589,62.97997303,-83.60195345,20.03,38.56,7.09,G0V,STAR G0V,141.04
HIP 80996,248.12685685,-83.59222291,-28.06,-40.9,3.71,F3IVp...,STAR F3IV,269.54
HIP 5084,16.28605474,-83.59037137,-5.94,17.82,4.73,K0III,STAR K0III,211.42
HIP 13195,42.44398379,-83.56956064,9.79,-15.62,3.51,K1III,STAR K1III,284.90
HIP 92509,282.79035328,-83.56303543,-2.37,0.83,5.46,K0III,STAR K0III,183.15
HIP 115641,351.39451041,-83.55086963,68.4,-15.04,3.16,F7V,STAR F7V,316.46
HIP 69834,214.38259075,-83.54779853,-49.21,-5.71,1.73,G8/K0II/III,STAR G8III,578.03
HIP 81390,249.32305097,-83.54723286,78.59,68,21.41,K0V,STAR K0V,46.71
HIP 14700,47.47417906,-83.53160839,-4.55,21.53,4.16,F2/F3Ib/II,STAR F2II,240.38
HIP 29228,92.43853671,-83.52272373,-37.07,35.04,6.56,F3V,STAR F3V,152.44
HIP 46373,141.84372201,-83.52006456,-31.99,14.33,4.16,F2IV,STAR F2IV,240.38
HIP 110729,336.51160599,-83.51587679,27.74,19.59,6.66,F0III,STAR F0III,150.15
HIP 21480,69.19489768,-83.49673273,-13.22,72.04,6.34,K0/K1III,STAR K1III,157.73
HIP 56323,173.20869604,-83.48427376,-11.36,-4.35,6.31,G8III,STAR G8III,158.48
HIP 94347,288.04644334,-83.48338675,136.95,-128.05,22.25,F5V,STAR F5V,44.94
HIP 80611,246.88763456,-83.47556255,-133.76,-166.11,11.06,F5V,STAR F5V,90.42
HIP 112049,340.43225625,-83.46379693,39.11,-40.85,23.29,K2III,STAR K2III,42.94
HIP 16840,54.18447438,-83.44915551,-10.64,2.68,3.33,K2/K3III,STAR K2III,300.30
HIP 98905,301.26584067,-83.44002949,35.52,-20.8,3.86,F2IV,STAR F2IV,259.07
HIP 101333,308.07279152,-83.43082922,22.23,21.51,2.92,K1III,STAR K1III,342.47
HIP 93117,284.54178857,-83.42216671,16.9,-13.03,5.84,B9/B9.5V,STAR B9V,171.23
HIP 89358,273.51579546,-83.41403207,9.12,2.78,7.09,G6IV/V,STAR G6IV,141.04
HIP 55116,169.26558267,-83.3934501,-9.57,2.65,2.42,A1IV,STAR A1IV,413.22
HIP 16208,52.20621419,-83.38485985,-1.25,22.42,4.92,F2/F3V,STAR F2V,203.25
HIP 66822,205.43622268,-83.3796433,-10.96,-7.48,2.98,B9IV,STAR B9IV,335.57
HIP 8018,25.73332534,-83.36709095,-8.05,-33.06,14.95,K0/K1III+..,STAR K1III,66.89
HIP 51672,158.34901187,-83.3625223,0.89,-3.3,1.46,K0III,STAR K0III,684.93
HIP 109415,332.51442012,-83.35820838,24.8,-8.61,3.77,K1III,STAR K1III,265.25
HIP 113257,344.02180646,-83.35157348,10.28,-8.58,8.52,F6V,STAR F6V,117.37
HIP 14052,45.23483372,-83.3374285,24.78,29.89,3.37,K1III,STAR K1III,296.74
HIP 66869,205.57223283,-83.32143917,-7.42,-19.22,5.22,F3/F5V,STAR F3V,191.57
HIP 60330,185.55317609,-83.31991228,26.98,-7.15,6.59,F5V,STAR F5V,151.75
HIP 92586,282.99182485,-83.31630912,1.79,-18.1,3.02,K1IIICN...,STAR K1III,331.13
HIP 100697,306.22834017,-83.31063455,23.65,7.54,12.95,A2/A3m...,STAR A2,77.22
HIP 26383,84.26672975,-83.2911313,3.82,-92.95,6.96,F8V,STAR F8V,143.68
HIP 70154,215.31716617,-83.27921867,-10.32,-9.9,2.2,A8V+...,STAR A8V,454.55
HIP 58055,178.60745747,-83.27324782,12.21,-37.36,5.71,K1III,STAR K1III,175.13
HIP 104997,318.98172847,-83.2658631,-8.18,-11.43,3.93,K1III,STAR K1III,254.45
HIP 4926,15.80161616,-83.25451373,20.61,1.34,4.48,G8/K0III,STAR G8III,223.21
HIP 111898,339.99740091,-83.25167274,52.17,-24.02,10.15,A9IV,STAR A9IV,98.52
HIP 7637,24.60283351,-83.24769755,51.95,-27.45,4.71,G8/K0III,STAR G8III,212.31
HIP 82076,251.47357184,-83.23982394,16.43,-21.6,3.53,K4III,STAR K4III,283.29
HIP 87931,269.43641948,-83.23540536,5.69,-92.04,9.13,F0/F2IV,STAR F2IV,109.53
HIP 76642,234.76680654,-83.23267466,-10.73,-7.77,0.87,B2III,STAR B2III,"1,149.43"
HIP 73540,225.46126796,-83.22777573,18.65,53.3,8.39,G8/K0III,STAR G8III,119.19
HIP 82853,253.98867898,-83.21820845,37.68,-145.83,14.6,G5/G6V,STAR G5V,68.49
HIP 105511,320.552276,-83.20955561,7.03,-63.72,14.28,F0/F2+...,STAR F2,70.03
HIP 63002,193.64769893,-83.17303323,-11.6,-5.05,3.14,A0IV,STAR A0IV,318.47
HIP 24202,77.93359122,-83.17138982,-33.29,-49.81,12.65,F8V,STAR F8V,79.05
HIP 103679,315.13509616,-83.14660137,11.96,-3.23,4.1,K2/K3III,STAR K2III,243.90
HIP 2115,6.71210029,-83.13913309,44.48,-0.61,9.53,K0:III:+...,STAR K0III,104.93
HIP 88950,272.35262054,-83.13313707,-5.6,-38.5,7.01,F5V,STAR F5V,142.65
HIP 116982,355.72644604,-83.13202265,-13.24,10.48,0.87,G8/K0III,STAR G8III,"1,149.43"
HIP 71370,218.93960165,-83.12087706,-8.18,-8.51,2.28,B9.5V,STAR B9V,438.60
HIP 19250,61.87594585,-83.11573691,77.09,93,10,G5/G6V,STAR G5V,100.00
HIP 52104,159.68942056,-83.10873654,-265.89,193.79,11.32,G3/G5IV/V,STAR G3IV,88.34
HIP 56996,175.2566544,-83.09996178,-59.61,10.24,9.47,K0III,STAR K0III,105.60
HIP 107267,325.90099469,-83.0728307,19.36,-25.53,1.49,K1/K2III,STAR K1III,671.14
HIP 17931,57.51773134,-83.07039462,-10.08,-159.35,8.2,G3V,STAR G3V,121.95
HIP 14272,45.99951872,-83.0690025,-4.92,-3.05,4.82,G6IV,STAR G6IV,207.47
HIP 1452,4.52345796,-83.06136375,26.1,7.23,3.49,F0:III/IV,STAR F0IV,286.53
HIP 12971,41.7142375,-83.04250951,86.73,48.32,6.26,F2IV,STAR F2IV,159.74
HIP 73771,226.19567959,-83.03826851,-8.65,-17.65,1.88,G8Ib,STAR G8I,531.91
HIP 106259,322.84096412,-83.03368736,-11.51,16.64,9,A2V,STAR A2V,111.11
HIP 3087,9.81381032,-83.03290796,4.95,-6.13,3.69,Ap...,STAR A0,271.00
HIP 18157,58.22730057,-83.02807694,111.23,47.84,8.86,K1III/IV,STAR K1IV,112.87
HIP 117825,358.4524119,-83.00696549,146.87,31.14,4.75,M0III,STAR M0III,210.53
HIP 19955,64.18991301,-82.99702037,-7.49,-1.72,4.46,F0V,STAR F0V,224.22
HIP 77248,236.59962002,-82.99605661,-9.47,-14.97,3.22,K1III:,STAR K1III,310.56
HIP 118051,359.18445513,-82.98410383,3.13,5.6,2.06,K1III,STAR K1III,485.44
HIP 61395,188.71000612,-82.98026096,-127.85,7.06,15.68,K2/K3V,STAR K2V,63.78
HIP 7601,24.47908355,-82.97528876,122.3,120.7,36.86,G2V,STAR G2V,27.13
HIP 29960,94.60642612,-82.97111685,-2.12,-6.06,4.04,A6V,STAR A6V,247.52
HIP 10806,34.77630709,-82.95401718,18.89,-6.61,3.82,K0II/III,STAR K0III,261.78
HIP 63967,196.63398988,-82.95069773,-22.82,-3.54,5.76,A5m...,STAR A5,173.61
HIP 97475,297.17921168,-82.926721,4.25,1.88,1.88,K3/K4III,STAR K3III,531.91
HIP 51925,159.10394771,-82.92283279,-13.65,-0.73,2.57,B9/B9.5V,STAR B9V,389.11
HIP 68647,210.77910218,-82.92055412,-53.96,13.73,6.73,K3III,STAR K3III,148.59
HIP 73013,223.82084648,-82.91895432,-4.23,2.7,5.95,F8V,STAR F8V,168.07
HIP 50461,154.54541803,-82.91073436,47.42,-18.49,12.44,K0/K1III,STAR K1III,80.39
HIP 48294,147.70137008,-82.91026322,-26.09,29.74,7.61,F0IV,STAR F0IV,131.41
HIP 20446,65.71284366,-82.899089,-13.43,4.65,10.05,A7IV/V,STAR A7IV,99.50
HIP 91619,280.27583815,-82.89787983,-17.07,-1.34,4.16,K1/K2III,STAR K1III,240.38
HIP 32351,101.29137391,-82.89586643,-32.71,9.8,12.43,F0/F2V,STAR F2V,80.45
HIP 80754,247.32377664,-82.88443126,-117.27,-130.65,8.56,,UNIDENTIFIED,116.82
HIP 49889,152.79718604,-82.86682216,-450.52,329.28,35.62,K:,STAR K0,28.07
HIP 44909,137.2299782,-82.85470089,-51.82,52.91,8.38,F5V,STAR F5V,119.33
HIP 70418,216.0924058,-82.84822332,-22.64,-10.97,3.7,B8V,STAR B8V,270.27
HIP 14223,45.8528105,-82.84480525,376.51,245.39,28.11,,UNIDENTIFIED,35.57
HIP 111825,339.75033293,-82.81383857,-38.72,-11.95,6.88,F0III/IV,STAR F0IV,145.35
HIP 28363,89.88387248,-82.81189565,-3.5,36.25,6.22,F8V,STAR F8V,160.77
HIP 99318,302.39492411,-82.80500136,43.12,-70.9,11.06,F5V,STAR F5V,90.42
HIP 47622,145.66254854,-82.78851936,-20.88,20.16,3.53,B9.5V,STAR B9V,283.29
HIP 85530,262.18327881,-82.77959567,-0.44,-1.67,2.09,B2V,STAR B2V,478.47
HIP 108057,328.39733237,-82.77874132,3.33,-34.73,2.61,,UNIDENTIFIED,383.14
HIP 87165,267.13162339,-82.77435906,32.78,24.06,9.9,F5/F6IV/V,STAR F5IV,101.01
HIP 83439,255.80586397,-82.76387023,-19.24,-22.83,5.26,A2V,STAR A2V,190.11
HIP 108497,329.69264187,-82.75317036,30.31,-0.15,5.46,K1III,STAR K1III,183.15
HIP 66707,205.10872203,-82.74639717,11.92,0.07,4,K1III,STAR K1III,250.00
HIP 59624,183.40590859,-82.73710226,-21.01,-10.15,4.65,K2III,STAR K2III,215.05
HIP 88343,270.62116537,-82.73540283,8.34,-20.85,2.67,G3III/IV,STAR G3IV,374.53
HIP 62132,191.00369034,-82.7343335,9.88,-5.21,9.74,F7/F8V,STAR F7V,102.67
HIP 64119,197.12304601,-82.72100157,-128.18,-26.89,10.58,G0V,STAR G0V,94.52
HIP 107843,327.72603561,-82.71882392,68.15,-33.03,7.49,G8/K0III+..,STAR G8III,133.51
HIP 113807,345.69506455,-82.70781063,354.69,-121.07,16.89,K0IV,STAR K0IV,59.21
HIP 112911,342.99036434,-82.70205494,15.72,38.98,8.54,K0III,STAR K0III,117.10
HIP 1806,5.73090555,-82.68350013,39.19,4.94,3.87,F0/F2IV/V,STAR F2IV,258.40
HIP 106474,323.47696549,-82.68307834,22.61,-2.5,4.01,B3IV,STAR B3IV,249.38
HIP 72825,223.28501677,-82.6824333,-11.36,-12.6,0.46,M5III,STAR M5III,"2,173.91"
HIP 8291,26.70584295,-82.67298535,23.06,-0.05,8.9,F0V,STAR F0V,112.36
HIP 4266,13.63993371,-82.66931994,6.04,-2.06,1.91,R...,UNIDENTIFIED,523.56
HIP 68009,208.91245413,-82.66613365,-25.06,-23.27,3.74,K2/K3III:p,STAR K2III,267.38
HIP 76966,235.73927225,-82.66274611,-39.25,-26.3,4,K1III,STAR K1III,250.00
HIP 109280,332.07614995,-82.63394759,-6.4,-25.57,1.9,K1III,STAR K1III,526.32
HIP 110231,334.936862,-82.63185875,-10.02,-18.76,6.81,G5V,STAR G5V,146.84
HIP 97855,298.29396837,-82.6312855,15.01,-16.12,2.56,K2III,STAR K2III,390.63
HIP 41910,128.17907256,-82.6144807,-66.94,67.75,13.2,F6V,STAR F6V,75.76
HIP 19437,62.43260776,-82.59106897,-2.25,10.73,7.09,F6V,STAR F6V,141.04
HIP 28837,91.30434688,-82.58956157,0.38,9.02,2.4,A0IV,STAR A0IV,416.67
HIP 21455,69.1073638,-82.58251749,173.71,147.92,23.01,K1/K2V,STAR K1V,43.46
HIP 37356,115.01612087,-82.58162778,-20.87,32.22,6.41,K3IIICN...,STAR K3III,156.01
HIP 53629,164.57189342,-82.58055475,-13.91,12.01,4.43,B9IV/V,STAR B9IV,225.73
HIP 42059,128.5971376,-82.56688032,-48.97,61.3,8.42,Fm...,STAR F0,118.76
HIP 80567,246.75340036,-82.55986239,-12.63,-18.7,6.05,K0III,STAR K0III,165.29
HIP 58623,180.33286958,-82.55643418,-161.39,91.8,14.84,G6/G8V:,STAR G6V,67.39
HIP 10594,34.09920759,-82.55417351,-19.92,-11.39,4.06,F6/F7III/IV,STAR F6IV,246.31
HIP 93544,285.7847285,-82.55344695,29.37,-24.95,4.67,F3V,STAR F3V,214.13
HIP 5549,17.79328601,-82.54833799,186.54,-196.85,13.4,G1V,STAR G1V,74.63
HIP 58361,179.50763394,-82.52338424,41.48,-21.49,11.52,G3V,STAR G3V,86.81
HIP 21967,70.82699667,-82.51988037,52.18,50.18,3,M0/M1III,STAR M1III,333.33
HIP 55876,171.80001068,-82.51724548,-69.44,-2.75,3.99,K0III,STAR K0III,250.63
HIP 82619,253.35032532,-82.51186456,-5.1,-1.96,1.03,G3III,STAR G3III,970.87
HIP 9386,30.1556449,-82.50856293,0.02,-11.34,5.53,F0IV/V,STAR F0IV,180.83
HIP 49261,150.84122804,-82.50830999,-89.22,36.13,5.05,K0III,STAR K0III,198.02
HIP 117066,355.99140547,-82.50827822,-129.45,-91.76,25.18,G2V,STAR G2V,39.71
HIP 3716,11.92492045,-82.507495,-153.59,-153.7,13.96,G3V,STAR G3V,71.63
HIP 89876,275.10231953,-82.5054193,2.06,-25.61,2.22,K2III,STAR K2III,450.45
HIP 93834,286.6413239,-82.49245992,-40.82,44.29,6.02,F8/G0IV,STAR F8IV,166.11
HIP 15645,50.35323489,-82.47808468,71.99,21.12,9.59,F5V,STAR F5V,104.28
HIP 22646,73.08382327,-82.47637139,137.84,150.07,30.39,K2V,STAR K2V,32.91
HIP 11084,35.68773119,-82.47609129,15.35,3.43,5.8,A1V,STAR A1V,172.41
HIP 23148,74.71244667,-82.47052255,-5.1,4.12,9.34,G8III,STAR G8III,107.07
HIP 107747,327.40107072,-82.43387561,83.14,-49.89,10.11,F6V,STAR F6V,98.91
HIP 86210,264.25857963,-82.43042777,-0.74,-12.37,1.89,K5III,STAR K5III,529.10
HIP 27279,86.71554314,-82.42828951,2.72,-5.45,4.78,A3V,STAR A3V,209.21
HIP 92817,283.68832434,-82.41805155,-351.03,8.58,6.99,,UNIDENTIFIED,143.06
HIP 46742,142.90798979,-82.41212203,0.23,-25.92,4.48,F7V,STAR F7V,223.21
HIP 117381,357.001353,-82.4116961,21.42,-6.43,2.35,F3IV,STAR F3IV,425.53
HIP 8374,26.96742977,-82.40607989,92.12,37.11,8.25,G2IV/V,STAR G2IV,121.21
HIP 84219,258.2273553,-82.38812855,18.47,-6.75,9.73,F2IV/V,STAR F2IV,102.77
HIP 31931,100.09518606,-82.38073112,-65.82,281.74,20.94,,UNIDENTIFIED,47.76
HIP 24276,78.15062561,-82.3682796,-5.13,35.29,4.63,F5V,STAR F5V,215.98
HIP 37512,115.48437477,-82.34175858,20.32,-32.28,5.74,K0III,STAR K0III,174.22
HIP 18136,58.16098936,-82.33098471,-13.5,44.97,9.99,G5IV/V,STAR G5IV,100.10
HIP 44800,136.94593413,-82.32486753,34.24,-15.11,12.56,F7V,STAR F7V,79.62
HIP 83972,257.46519292,-82.31860114,-1.26,-17.57,4.14,B6IV,STAR B6IV,241.55
HIP 16768,53.94206643,-82.31400011,32.45,16.39,10.19,G2V,STAR G2V,98.14
HIP 9697,31.18284953,-82.29944426,10.85,11.54,2.75,B9V,STAR B9V,363.64
HIP 9191,29.58657437,-82.29408096,-66.37,14.63,16.89,G8/K0V:+...,STAR G8V,59.21
HIP 53871,165.32096709,-82.29280206,-40.03,17.59,5.33,F0IV,STAR F0IV,187.62
HIP 101628,308.97627085,-82.2905907,-123.8,-108.57,14.14,G0V,STAR G0V,70.72
HIP 7560,24.34757533,-82.28174482,50.97,-34.08,8.03,G5III:+...,STAR G5III,124.53
HIP 102695,312.12502965,-82.26866498,13.06,-3.18,2.74,G8III,STAR G8III,364.96
HIP 15540,50.05007406,-82.26499489,-63.69,-55.53,7.5,F2V,STAR F2V,133.33
HIP 46557,142.41757063,-82.26331034,-35.53,15.45,5.62,A1V,STAR A1V,177.94
HIP 102868,312.61417853,-82.26307851,24.55,-77.22,13.94,G2V,STAR G2V,71.74
HIP 58911,181.20663281,-82.2551618,-46.9,-4.37,3.77,K0III,STAR K0III,265.25
HIP 36543,112.75035394,-82.25159882,-2.37,-9.48,8.77,F3IV/V,STAR F3IV,114.03
HIP 12018,38.75706006,-82.23573643,27.33,-123.58,14.88,G2V,STAR G2V,67.20
HIP 814,2.50945435,-82.22399743,-21.66,-20.39,13.45,K1/K2III,STAR K1III,74.35
HIP 70479,216.23966489,-82.22061073,2.06,-5.35,3.5,G8III,STAR G8III,285.71
HIP 87091,266.92856,-82.2159378,-38.99,-207.27,32.66,K2IV/V,STAR K2IV,30.62
HIP 49065,150.18293561,-82.21474569,-26.99,31.11,8.17,A0IV,STAR A0IV,122.40
HIP 56531,173.87043933,-82.20860337,-13.51,-1.46,1.52,B5,STAR B5,657.89
HIP 105307,319.93361493,-82.20539728,11.28,8.47,5.44,A3II,STAR A3II,183.82
HIP 32460,101.62382938,-82.18542358,5.08,-28.94,8.7,F6/F7V,STAR F6V,114.94
HIP 109845,333.70509197,-82.18256794,-1.19,-31.47,8.57,G3V,STAR G3V,116.69
HIP 118114,359.38745413,-82.16974335,-26.62,-25.15,10.38,K0III,STAR K0III,96.34
HIP 97813,298.14814532,-82.16163163,-32.68,-42.27,1.02,K2III:,STAR K2III,980.39
HIP 29155,92.25437014,-82.15758903,3.5,25.31,4.29,B9IV/V,STAR B9IV,233.10
HIP 107689,327.22422425,-82.12391854,8.72,4.15,3.47,F2V,STAR F2V,288.18
HIP 44288,135.29585076,-82.11505829,-32.14,27.52,1.96,K2III,STAR K2III,510.20
HIP 34084,106.01594661,-82.11234702,0.42,-10.44,4.46,F0IV/V,STAR F0IV,224.22
HIP 87843,269.18407931,-82.0690101,6.57,-18.44,8,F3/F5V,STAR F3V,125.00
HIP 72081,221.18331403,-82.05769688,-25.85,16.61,7.23,F2V,STAR F2V,138.31
HIP 29076,92.00464305,-82.04374992,-8.38,29.38,6.74,F0IV,STAR F0IV,148.37
HIP 116939,355.56110247,-82.04353985,260.68,-107.8,19.27,K5,STAR K5,51.89
HIP 62065,190.80663156,-82.04243167,13.84,-9.74,2.35,G8III,STAR G8III,425.53
HIP 6916,22.26497906,-82.03916799,-22.88,-0.45,5.63,F6/F7V,STAR F6V,177.62
HIP 52381,160.60070257,-82.03716124,-15.3,-47.05,5.43,F5V + F5,STAR F5V,184.16
HIP 22518,72.68325295,-82.03251367,-18.73,-10.31,8.56,G3V:,STAR G3V,116.82
HIP 99634,303.31695679,-82.02809545,85.72,-19.63,32.1,K2V,STAR K2V,31.15
HIP 104436,317.33177202,-82.02714188,264.81,-48.34,41.28,G3V,STAR G3V,24.22
HIP 117689,358.02789102,-82.01876765,-49.07,-20.91,12.2,G7III,STAR G7III,81.97
HIP 39529,121.17865929,-81.99394158,-11.49,34.06,3.8,A4V,STAR A4V,263.16
HIP 28849,91.34943389,-81.9907344,4.64,25.52,4.75,A0V,STAR A0V,210.53
HIP 37817,116.31024834,-81.96749301,-1.67,-1.07,9.44,A2/A3IV,STAR A2IV,105.93
HIP 105973,321.94360016,-81.9655227,-17.35,-4.83,5.02,F6V,STAR F6V,199.20
HIP 80624,246.9434801,-81.96127313,-36.89,-44.81,5.62,K1III,STAR K1III,177.94
HIP 106553,323.69475196,-81.92684235,67.63,-27.66,8.5,A9III,STAR A9III,117.65
HIP 115970,352.44711758,-81.92549356,152.62,-22.66,8.86,K0III,STAR K0III,112.87
HIP 79680,243.93382725,-81.9216518,-4.65,-11.37,1.53,A0IV,STAR A0IV,653.59
HIP 51557,157.96562563,-81.92110161,-14.04,6.47,2.82,B5III/IV,STAR B5IV,354.61
HIP 66597,204.76426147,-81.90860194,-94.7,-43.07,8.61,F6V,STAR F6V,116.14
HIP 14026,45.15498622,-81.90198824,-26.24,-17.14,3.82,Ap...,STAR A0,261.78
HIP 87160,267.09881707,-81.89550929,-9.07,-27.09,3.55,G8/K0III:,STAR G8III,281.69
HIP 75341,230.92847944,-81.88493511,-0.37,-4.57,1.48,K3III:,STAR K3III,675.68
HIP 19424,62.39875,-81.85505556,,,,Me,STAR M0e,#DIV/0!
HIP 72837,223.32455173,-81.85060715,-1.02,-8.27,3.35,K0III,STAR K0III,298.51
HIP 68616,210.69480419,-81.8502561,-42.61,-5.63,10.83,F8/G0V,STAR F8V,92.34
HIP 89434,273.79342469,-81.84212228,-7.97,-36.28,3.57,A2/A3IV/V,STAR A2IV,280.11
HIP 46399,141.92467039,-81.84037088,-13.5,8.69,1.98,K4III,STAR K4III,505.05
HIP 48775,149.22447868,-81.83656951,-19.54,6.42,3.16,A2V,STAR A2V,316.46
HIP 91723,280.55983879,-81.80807287,14.62,-16.78,5.89,B8V,STAR B8V,169.78
HIP 95189,290.46264214,-81.79493043,-6.71,-6.21,1.28,K2/K3III:,STAR K2III,781.25
HIP 69473,213.34321099,-81.79102243,10.68,-4.39,7.69,F3V,STAR F3V,130.04
HIP 17184,55.2011257,-81.78962263,134.91,201.71,20.29,G6V,STAR G6V,49.29
HIP 20382,65.47073249,-81.77925106,22.41,20.8,4.3,K0IIICN...,STAR K0III,232.56
HIP 67146,206.40847892,-81.7790242,-198.81,-82.03,10.25,G1V,STAR G1V,97.56
HIP 25612,82.07682229,-81.77430687,-29.03,-441.37,32.84,M,STAR M0,30.45
HIP 45183,138.10591262,-81.76861094,-79.82,24.16,15.6,F6V,STAR F6V,64.10
HIP 13839,44.53611492,-81.76123667,13.61,12.07,1.55,G8III,STAR G8III,645.16
HIP 96314,293.74889654,-81.75296725,6.41,8.88,6.1,K0III,STAR K0III,163.93
HIP 15470,49.8675071,-81.75127312,14.34,9.04,3.48,K2III,STAR K2III,287.36
HIP 47203,144.30000639,-81.74725242,-17.32,7.88,3.19,A2/A3V,STAR A2V,313.48
HIP 76391,234.03376615,-81.7261415,-19.82,93.4,12.69,F6V,STAR F6V,78.80
HIP 47299,144.58867278,-81.70938825,-52.94,9.08,5.68,K0III,STAR K0III,176.06
HIP 31601,99.20930466,-81.67896777,14.54,27.15,3.85,G8/K0III,STAR G8III,259.74
HIP 46731,142.87926764,-81.67472352,-55.04,52.61,6.16,F8V,STAR F8V,162.34
HIP 5228,16.71174805,-81.64877169,81.15,-29.6,3.82,K2III,STAR K2III,261.78
HIP 50607,155.06216776,-81.64851754,-54.65,34.93,6.22,A6/A7IV,STAR A6IV,160.77
HIP 60573,186.24627699,-81.64457123,-28.37,-3.13,4.34,B5,STAR B5,230.41
HIP 29792,94.08865887,-81.63404125,-2.25,-9.48,17.05,G8V,STAR G8V,58.65
HIP 54017,165.76056235,-81.62184094,-60.79,47.58,11.86,F7V,STAR F7V,84.32
HIP 51605,158.12366692,-81.61581544,-11.96,17.09,4.58,G8/K0III,STAR G8III,218.34
HIP 100359,305.30337899,-81.61550381,106.98,-172.31,13.91,G3IV/V,STAR G3IV,71.89
HIP 1665,5.21452045,-81.6120755,69.67,3.62,5.76,F7V,STAR F7V,173.61
HIP 26269,83.91474297,-81.61194305,-30.56,30.06,20.12,F6V,STAR F6V,49.70
HIP 85714,262.72864175,-81.61155145,-7.82,-2.44,3.39,M5III,STAR M5III,294.99
HIP 39772,121.9242473,-81.60943106,-5.71,-2.2,3.48,K3III,STAR K3III,287.36
HIP 38017,116.87726362,-81.59653504,-32.21,42.56,11.77,Ap...,STAR A0,84.96
HIP 82592,253.26332214,-81.59455615,-19.87,-20.56,7.65,F3IV,STAR F3IV,130.72
HIP 25472,81.70744051,-81.5855511,-15.39,89.7,5.93,A3/A4V,STAR A3V,168.63
HIP 20297,65.24179812,-81.58022679,9.07,126.08,18.61,F0/F2III,STAR F2III,53.73
HIP 55035,168.99392164,-81.57024457,33.05,47.2,5.36,K1III,STAR K1III,186.57
HIP 98531,300.25075305,-81.56826463,6.75,-26.76,4.76,A0V,STAR A0V,210.08
HIP 49326,151.03070622,-81.56562097,-50.13,52.97,5.78,G6/G8III,STAR G6III,173.01
HIP 53700,164.80788715,-81.55632816,-148.92,67.6,10.72,F7IV,STAR F7IV,93.28
HIP 11039,35.53129812,-81.55085323,0.44,-2.18,2.4,M3III,STAR M3III,416.67
HIP 114281,347.20161372,-81.54341466,-6.63,2.74,2.89,G8/K0III,STAR G8III,346.02
HIP 24256,78.10705724,-81.54185362,16.25,50.07,5.29,K1III,STAR K1III,189.04
HIP 69422,213.21672231,-81.54180018,-21.39,-27.25,4.47,K0III,STAR K0III,223.71
HIP 5964,19.17819849,-81.54089529,12.77,1.83,0.86,G8III,STAR G8III,"1,162.79"
HIP 95344,290.95552027,-81.54026123,-213.84,-154.42,11.59,G2/G3V,STAR G2V,86.28
HIP 78677,240.92469549,-81.53826217,-0.94,-17.92,5.93,F0V,STAR F0V,168.63
HIP 96128,293.17878716,-81.53039616,56.96,-52.19,7.86,F5V,STAR F5V,127.23
HIP 101697,309.19738665,-81.53013629,-25.19,-2.57,6.2,K1III,STAR K1III,161.29
HIP 78179,239.44512642,-81.52505218,-11.88,-19.9,1.38,M2/M3III:,STAR M2III,724.64
HIP 21945,70.75298977,-81.50433824,-2.01,-36.89,4.17,K2III,STAR K2III,239.81
HIP 34132,106.15876929,-81.49971261,-10.15,21.4,4.53,A2V,STAR A2V,220.75
HIP 9052,29.15634973,-81.49928857,66.95,22.11,13.66,F3IV/V,STAR F3IV,73.21
HIP 62060,190.79934259,-81.4979384,-0.58,3.81,0.59,K1/K2III:,STAR K1III,"1,694.92"
HIP 11957,38.56520088,-81.4966468,21.91,12.29,4.54,F5V,STAR F5V,220.26
HIP 88599,271.36143072,-81.48644851,28.45,-49.29,3.53,K3/K4III,STAR K3III,283.29
HIP 12271,39.49905116,-81.46744393,15.11,22.44,2.43,K0III,STAR K0III,411.52
HIP 71883,220.54058972,-81.46213259,-6.68,-3.93,2.62,K3III:,STAR K3III,381.68
HIP 31772,99.66572247,-81.45903051,0.81,62.25,4.33,F6V,STAR F6V,230.95
HIP 87968,269.5390257,-81.45312267,-7.95,-118.19,14.32,F5IV/V,STAR F5IV,69.83
HIP 70610,216.64925795,-81.45276725,-42.12,-224,27.57,K2/K3V:,STAR K2V,36.27
HIP 55110,169.26068349,-81.45250141,-20.63,10.29,2.95,B5,STAR B5,338.98
HIP 83344,255.50431243,-81.43466924,-31.88,-33.36,6.36,K2III,STAR K2III,157.23
HIP 56256,172.96922088,-81.42918048,-11.62,1.62,4.67,A4m...,STAR A4,214.13
HIP 89009,272.4967105,-81.41741466,-39.11,-4.38,7.72,G8IV,STAR G8IV,129.53
HIP 94304,287.92480749,-81.41292339,19.4,35.91,9.72,F0/F2V,STAR F2V,102.88
HIP 104098,316.34798243,-81.3968231,-8.05,8.54,2.34,K0III,STAR K0III,427.35
HIP 28125,89.17691068,-81.38724543,-7.65,342.58,16.97,K,STAR K0,58.93
HIP 95335,290.932377,-81.3821661,-2.27,-27.2,3.68,G8/K0III,STAR G8III,271.74
HIP 112405,341.51551393,-81.38161731,-55.35,0.88,23.23,A9IV/V,STAR A9IV,43.05
HIP 114859,348.98088423,-81.37284402,504.34,116.72,45.21,M,STAR M0,22.12
HIP 8499,27.399381,-81.35902083,57.61,-25.05,3.62,K0III,STAR K0III,276.24
HIP 98086,299.00675249,-81.34983861,20.03,-0.71,4.7,K3/K4III,STAR K3III,212.77
HIP 58104,178.75195674,-81.34882878,-5.03,29.99,4.57,K2/K3III,STAR K2III,218.82
HIP 367,1.15561443,-81.34531911,1.33,0.45,1.38,A2/A3IV,STAR A2IV,724.64
HIP 106846,324.61444989,-81.34107083,-103.48,-328.47,6.22,G0V,STAR G0V,160.77
HIP 104796,318.45639684,-81.33835817,16.2,3.97,7.74,F5V,STAR F5V,129.20
HIP 63483,195.11362833,-81.3341205,-76.42,-8.86,10.05,F6V,STAR F6V,99.50
HIP 83924,257.29292785,-81.3231133,-4.74,-13.85,2.52,B9.5V,STAR B9V,396.83
HIP 65302,200.75610475,-81.30975325,-360.19,-148.86,29.33,G5V,STAR G5V,34.09
HIP 76030,232.92790863,-81.30307418,-24.43,-28.07,5.58,F0IV/V,STAR F0IV,179.21
HIP 96675,294.81424112,-81.30258412,18.62,-46.93,3.16,G0,STAR G0,316.46
HIP 101843,309.5775207,-81.28897011,0.6,-38.24,5.13,K5III,STAR K5III,194.93
HIP 92358,282.34730084,-81.27076402,-9.77,30.06,11.75,F6V,STAR F6V,85.11
HIP 21101,67.81763222,-81.26585925,27.3,28.06,2.74,K3/K4III,STAR K3III,364.96
HIP 15803,50.90253585,-81.25951257,147.16,174.6,21.26,,UNIDENTIFIED,47.04
HIP 96425,294.06247837,-81.24739364,95.16,107.51,22.2,G8IV/V,STAR G8IV,45.05
HIP 107693,327.22870789,-81.23517438,30.67,15.61,6.55,F7V,STAR F7V,152.67
HIP 35056,108.74080581,-81.22306821,-21.42,32.75,6.3,A2IV/Vm...,STAR A2IV,158.73
HIP 38220,117.44780226,-81.20480684,6.61,27.59,3.62,K2/K3III,STAR K2III,276.24
HIP 73226,224.48688334,-81.20418748,-6.73,-23.39,6.54,F8V,STAR F8V,152.91
HIP 59722,183.71827349,-81.1941305,8.73,-10.09,5.65,A4/A5III,STAR A4III,176.99
HIP 58032,178.53097972,-81.19070937,-44.17,-0.45,3.67,F0IV/V,STAR F0IV,272.48
HIP 89337,273.42341838,-81.17971986,-126.56,-259.86,12.63,,UNIDENTIFIED,79.18
HIP 2986,9.49072736,-81.1774348,-29.02,-10.17,4.84,F0IV,STAR F0IV,206.61
HIP 84601,259.40415377,-81.17663024,0,-15.13,4.07,A0Vn,STAR A0V,245.70
HIP 102742,312.2783758,-81.17014611,72.75,16.51,6.27,G6V,STAR G6V,159.49
HIP 44949,137.3214252,-81.16336976,-8.48,-50.46,-6.97,,UNIDENTIFIED,-143.47
HIP 51632,158.21994186,-81.16289326,-20.43,-4.75,3.97,Ap SrEuCr,STAR A0,251.89
HIP 80507,246.51910033,-81.16066338,0.49,-10.65,2.66,B8/B9V,STAR B8V,375.94
HIP 12221,39.34251561,-81.15212776,6.24,11.91,-0.07,A0V,STAR A0V,"-14,285.71"
HIP 63794,196.12172469,-81.15010262,-11.88,-6.24,5.75,K0III,STAR K0III,173.91
HIP 89788,274.85662876,-81.14580674,33.99,-51.35,8.23,G0V,STAR G0V,121.51
HIP 43092,131.65037969,-81.1232712,-4.04,1.64,3.7,K0III,STAR K0III,270.27
HIP 46133,141.11749013,-81.11563433,-10.7,19.85,3.92,K0III,STAR K0III,255.10
HIP 113346,344.3228,-81.10945333,30.78,-7.01,5.46,F3IV/V,STAR F3IV,183.15
HIP 13999,45.05606244,-81.08863262,74.5,61.5,8.38,F0V,STAR F0V,119.33
HIP 83576,256.21106525,-81.08624062,-2.34,-5.97,2.65,G3/G5II,STAR G3II,377.36
HIP 24542,78.98097235,-81.07225775,63.8,77.27,17.65,G8/K0V:,STAR G8V,56.66
HIP 86012,263.67887296,-81.06835526,12.24,4.82,7.85,A9V,STAR A9V,127.39
HIP 32564,101.91660208,-81.0658363,4.27,73.24,4.36,K3III,STAR K3III,229.36
HIP 28993,91.77168069,-81.06325241,2.45,32.95,6.18,A9IV,STAR A9IV,161.81
HIP 48027,146.85101297,-81.06143872,13.61,39.79,2.92,M2III,STAR M2III,342.47
HIP 51284,157.13077681,-81.05594511,-53.32,36.87,4.59,K0III,STAR K0III,217.86
HIP 25079,80.53923796,-81.03897303,-18.31,15.5,3.89,A4m...,STAR A4,257.07
HIP 8701,27.99004932,-81.01945276,84.12,16.95,32.38,K1V,STAR K1V,30.88
HIP 6281,20.14186903,-81.01682003,-31.22,39.02,12.96,G3V,STAR G3V,77.16
HIP 69896,214.55821047,-81.00760147,-19.95,-65.39,23.36,A2m...,STAR A2,42.81
HIP 58095,178.72118553,-81.006974,-18,0.81,3.48,B9.5V,STAR B9V,287.36
HIP 14565,47.00728911,-80.99836632,-20.99,-53.56,9.12,F6V,STAR F6V,109.65
HIP 19561,62.8478767,-80.99577156,20.12,70.23,4.3,K2III,STAR K2III,232.56
HIP 110158,334.6958774,-80.97962732,9.8,-4.61,6.02,Fm...,STAR F0,166.11
HIP 108260,328.9839134,-80.97238787,-15.11,-16.84,3.4,F0V,STAR F0V,294.12
HIP 101427,308.3233866,-80.96482633,8.35,-14.88,6.19,G6/G8II,STAR G6II,161.55
HIP 24718,79.52304258,-80.9646908,-49.8,47.59,14.06,G2V,STAR G2V,71.12
HIP 11342,36.48130981,-80.94597576,-14.2,-13.18,4.91,F2IV/V,STAR F2IV,203.67
HIP 46928,143.47293825,-80.94129374,-34.61,14.67,6.05,B5V,STAR B5V,165.29
HIP 112092,340.56407618,-80.9386831,-7.79,-0.24,2.98,K2III,STAR K2III,335.57
HIP 52969,162.50241553,-80.93353484,-36.88,19.72,2.9,Ap...,STAR A0,344.83
HIP 81120,248.51914791,-80.92919695,12.64,27.55,8.24,F6IV,STAR F6IV,121.36
HIP 98771,300.91078408,-80.92638708,-6.75,2.91,4.8,G0/G1,STAR G1,208.33
HIP 50379,154.30265805,-80.92320099,-21.75,17.15,5.3,G8III/IV,STAR G8IV,188.68
HIP 42221,129.12315252,-80.91841807,-120.93,-53.91,9.58,G3V,STAR G3V,104.38
HIP 41191,126.08492509,-80.91471955,-151.92,213.07,12.93,G8III,STAR G8III,77.34
HIP 114550,348.05179488,-80.91267194,26.97,-11.45,5.6,K4III,STAR K4III,178.57
HIP 77219,236.49316924,-80.89242935,19.04,1.57,6.51,F2V,STAR F2V,153.61
HIP 18970,60.97183771,-80.89023181,18.53,64.05,3.11,K3III,STAR K3III,321.54
HIP 102087,310.34034102,-80.88304864,67.67,-153.29,9.73,G3V,STAR G3V,102.77
HIP 105720,321.19450103,-80.87143212,45.32,28.73,4.06,G3V,STAR G3V,246.31
HIP 6657,21.35297792,-80.87039449,27.11,-0.79,2.56,K2III,STAR K2III,390.63
HIP 16910,54.39996501,-80.86047243,19.32,1.94,3.68,A8V,STAR A8V,271.74
HIP 85760,262.8644714,-80.85902834,-2.27,-43.34,4.02,M3III,STAR M3III,248.76
HIP 16899,54.35037779,-80.85426531,31.35,-3.72,2.9,G8/K0III,STAR G8III,344.83
HIP 99559,303.06869117,-80.85331642,-6.89,13.03,9.46,F5V,STAR F5V,105.71
HIP 26194,83.74885204,-80.85240259,1.63,-49.99,5.35,K1III,STAR K1III,186.92
HIP 33308,103.92651297,-80.83805082,38.12,26.47,4.62,K3III,STAR K3III,216.45
HIP 53643,164.60913515,-80.8341891,-8.34,0.45,0.77,B4II,STAR B4II,"1,298.70"
HIP 116145,352.99012003,-80.82789516,2.16,22.16,6.38,K0IIICN...,STAR K0III,156.74
HIP 36187,111.78657449,-80.82392682,64.14,-36.38,13.16,G2V,STAR G2V,75.99
HIP 31897,100.01211946,-80.81372235,-5.08,53.37,8.07,A5III,STAR A5III,123.92
HIP 23435,75.56595346,-80.81141153,0.9,15.36,2.07,G8III,STAR G8III,483.09
HIP 79786,244.24528906,-80.80021315,-14.68,-15.46,4.87,K0III,STAR K0III,205.34
HIP 82005,251.2828571,-80.79974583,-2.12,-15.9,3.13,A0V,STAR A0V,319.49
HIP 53651,164.65186516,-80.78966573,-149.27,62.49,13.88,F8/G0V,STAR F8V,72.05
HIP 46107,141.04053926,-80.78720514,-138.55,135.39,17.69,F3/F5IV,STAR F3IV,56.53
HIP 72915,223.52990846,-80.78670717,19.39,-2.39,5.76,F0V,STAR F0V,173.61
HIP 59798,183.9364276,-80.7846822,-22.52,-3.56,2.8,B9.5V,STAR B9V,357.14
HIP 22295,72.02084167,-80.77933778,47.95,40.56,16.55,F7V,STAR F7V,60.42
HIP 69055,212.01850305,-80.7640229,-22.35,1.6,8.42,A7V,STAR A7V,118.76
HIP 78250,239.64857852,-80.75558461,-15.92,-41.27,3.1,K2III,STAR K2III,322.58
HIP 80200,245.59257241,-80.74580319,-43.85,-8.15,11.3,F5IV/V,STAR F5IV,88.50
HIP 71598,219.6456999,-80.73622534,-28.31,-4,0.97,K1III,STAR K1III,"1,030.93"
HIP 19188,61.68554271,-80.73554137,-27.77,-236.53,14.08,G2V,STAR G2V,71.02
HIP 92928,283.99994877,-80.72786473,9.19,-8.32,3.94,A0V,STAR A0V,253.81
HIP 101037,307.24759499,-80.71729816,29.47,-23,6.98,F3/F5V,STAR F3V,143.27
HIP 16190,52.14129214,-80.70905563,-34.84,19.17,5.95,K1III,STAR K1III,168.07
HIP 4357,13.95921275,-80.70889391,-8.43,-21.77,6.07,F8V,STAR F8V,164.74
HIP 40949,125.35918309,-80.70752426,-23.1,29.55,4.09,A0V,STAR A0V,244.50
HIP 62590,192.38356711,-80.70234413,7.93,-2.53,5.46,A4IV,STAR A4IV,183.15
HIP 104206,316.6824847,-80.69775189,59.44,-140.79,11.79,F0/F2IV,STAR F2IV,84.82
HIP 111153,337.78808786,-80.69594918,16.41,-29.19,16.56,G3V,STAR G3V,60.39
HIP 105876,321.64716107,-80.6825155,-29.54,15.52,8.93,G0V,STAR G0V,111.98
HIP 13985,45.02942545,-80.6811963,45.23,-18.25,4.53,G8IV/V,STAR G8IV,220.75
HIP 85301,261.46746355,-80.66287993,-116.52,-169.67,6.77,G0,STAR G0,147.71
HIP 86626,265.50129855,-80.66210192,-52.02,-38.45,4.53,K0/K1III:,STAR K1III,220.75
HIP 3131,9.9485278,-80.65618639,69.98,20.36,5.26,G2IV/V,STAR G2IV,190.11
HIP 49859,152.72230278,-80.6555272,-59.12,-19.26,9.11,F5IV/V,STAR F5IV,109.77
HIP 97291,296.59278092,-80.64275969,55.47,-93.89,5.23,G5V,STAR G5V,191.20
HIP 22101,71.35932317,-80.64137133,18.44,52.77,8.58,F5IV/V,STAR F5IV,116.55
HIP 88538,271.18962541,-80.62895331,26.61,-15.79,5.73,G1V,STAR G1V,174.52
HIP 103520,314.58482946,-80.61994769,-16.55,22.79,6.87,K0III/IV,STAR K0IV,145.56
HIP 99075,301.70922618,-80.60007059,33.21,-33.88,3.92,K0III,STAR K0III,255.10
HIP 28440,90.08073895,-80.59808765,34.99,-3.96,3.84,F5V,STAR F5V,260.42
HIP 30936,97.39536778,-80.59266432,-16.66,22.03,5.23,A3V,STAR A3V,191.20
HIP 40034,122.66494176,-80.58603828,-14.02,7.92,1.79,K4/K5III:,STAR K4III,558.66
HIP 10389,33.45789956,-80.58284171,22.72,18.24,5.97,F5V,STAR F5V,167.50
HIP 78806,241.32602933,-80.57940916,4.84,-5.48,1.82,K1III:,STAR K1III,549.45
HIP 66817,205.43954893,-80.57616136,73.6,66.4,9,G3V,STAR G3V,111.11
HIP 8119,26.08997995,-80.57421453,190,49.58,14.23,K0,STAR K0,70.27
HIP 93889,286.78601386,-80.55248053,-48.76,10.14,14.35,G5V,STAR G5V,69.69
HIP 116861,355.3087739,-80.5495288,-12.62,14.28,4.75,F2IV(m),STAR F2IV,210.53
HIP 101241,307.82104141,-80.54400947,21.66,-41.98,7.06,F2II/III,STAR F2III,141.64
HIP 85970,263.55415195,-80.54040926,-0.06,-44.73,10.26,G2IV,STAR G2IV,97.47
HIP 52633,161.44639899,-80.54020283,-37.33,6.19,8.97,B2.5IV,STAR B2IV,111.48
HIP 30887,97.25305819,-80.53878899,2.41,22.11,4.75,F0/F2IV,STAR F2IV,210.53
HIP 10504,33.85025834,-80.5348606,19.72,8.6,3.78,A2m...,STAR A2,264.55
HIP 9400,30.19770613,-80.53236809,-67.3,-141.86,24.32,K1V,STAR K1V,41.12
HIP 46120,141.08440714,-80.52558901,202.13,1237.24,16.46,G0,STAR G0,60.75
HIP 51713,158.48564965,-80.51690626,7.34,58.27,11.96,F3V,STAR F3V,83.61
HIP 47815,146.20844793,-80.51296218,-11.25,-1.31,5.74,,UNIDENTIFIED,174.22
HIP 114884,349.06974063,-80.51275445,-16.78,62.25,8.98,F5V,STAR F5V,111.36
HIP 51365,157.37125499,-80.51185461,-54.94,40.02,5.96,G8V,STAR G8V,167.79
HIP 47829,146.235925,-80.50900453,44.04,51.34,10,G5V,STAR G5V,100.00
HIP 58291,179.31708555,-80.49468646,-19.64,-1.66,3.41,B9.5V,STAR B9V,293.26
HIP 106861,324.64274114,-80.49262698,16.75,-10.5,5.74,G2/G3V,STAR G2V,174.22
HIP 15229,49.09033947,-80.48607289,12.83,6.73,2.79,G8III/IV,STAR G8IV,358.42
HIP 57192,175.90440603,-80.4834638,-30.81,-5.86,5.95,B9IV,STAR B9IV,168.07
HIP 26394,84.28663598,-80.4716745,311.97,1050.19,54.92,G3IV,STAR G3IV,18.21
HIP 52595,161.3182296,-80.4695233,-17.4,-30.3,9.21,K0III,STAR K0III,108.58
HIP 110329,335.20447801,-80.45398095,-9.07,-23.75,11.97,F7/G0 + F/G,STAR F7,83.54
HIP 75420,231.13552265,-80.44056599,-15.36,-24.21,4.21,A9III,STAR A9III,237.53
HIP 110256,335.00616756,-80.43964301,56.36,-42.78,12.15,M6III,STAR M6III,82.30
HIP 111793,339.65226505,-80.42820976,0.31,1.48,4.91,G8/K0III,STAR G8III,203.67
HIP 115028,349.47075975,-80.42479119,8.81,10.01,2.69,A2V,STAR A2V,371.75
HIP 1802,5.71154791,-80.4097446,203.87,-17.68,6.22,,UNIDENTIFIED,160.77
HIP 24084,77.60519751,-80.40805901,62.48,80.97,12.47,F7/F8V,STAR F7V,80.19
HIP 317,1.00253201,-80.3950701,54.8,-18.63,5.53,F0III/IV,STAR F0IV,180.83
HIP 114993,349.35321427,-80.39308311,-12.16,-18.13,2.75,K2III:,STAR K2III,363.64
HIP 94158,287.49948935,-80.39103021,-11.96,-4.24,4.02,F7IV/V,STAR F7IV,248.76
HIP 45829,140.16544243,-80.39026629,-120.44,164.58,10.85,K0IV,STAR K0IV,92.17
HIP 47421,144.93739079,-80.38982348,-13.03,12.78,3.03,B9IV/V,STAR B9IV,330.03
HIP 107681,327.18888762,-80.38475445,6.98,0.57,3.08,K2/K3III,STAR K2III,324.68
HIP 103372,314.15008527,-80.36998895,91.18,-184.94,6.56,G3V,STAR G3V,152.44
HIP 82222,251.95807997,-80.36289578,-9.74,-33,5.75,A9III,STAR A9III,173.91
HIP 47253,144.47863865,-80.35050708,-13.64,14.33,2.92,Ap...,STAR A0,342.47
HIP 70860,217.35295409,-80.34548708,-15.76,-1.87,3.39,A0V,STAR A0V,294.99
HIP 105073,319.2842293,-80.34488619,13.36,-10.33,4.18,B9/B9.5V,STAR B9V,239.23
HIP 102594,311.87179319,-80.32426112,30.76,4.99,3.94,F0V,STAR F0V,253.81
HIP 80865,247.6858154,-80.32068607,-6.69,-14.17,3.68,B8/B9III,STAR B8III,271.74
HIP 108768,330.50531135,-80.31509362,223.6,-105.54,13.82,K:,STAR K0,72.36
HIP 74091,227.12574003,-80.31388714,-14.7,-5.36,4.25,B4/B5III/IV,STAR B4IV,235.29
HIP 29515,93.26495265,-80.3096534,-25.51,24.91,11.76,F8V,STAR F8V,85.03
HIP 43490,132.87370722,-80.30069614,-257.72,230,14.1,G0,STAR G0,70.92
HIP 8224,26.4718477,-80.30067621,178.66,212.39,29.96,K5,STAR K5,33.38
HIP 21136,67.96106139,-80.29010077,13.84,19.79,3.46,K1III,STAR K1III,289.02
HIP 73576,225.57369345,-80.27760266,10.06,-3.12,3.25,G5/G6III,STAR G5III,307.69
HIP 67813,208.37858341,-80.27284177,-11.78,-7.9,7.35,F0IV/V,STAR F0IV,136.05
HIP 65771,202.25919827,-80.25736677,-9.76,-6.31,11.28,F0/F2V,STAR F2V,88.65
HIP 56395,173.42427013,-80.25077246,-32.68,-1.74,8.23,A4V,STAR A4V,121.51
HIP 89873,275.09223516,-80.2392472,1.16,-20.21,4.3,K0III,STAR K0III,232.56
HIP 95544,291.51439312,-80.23703056,-18.04,-30.12,7.11,G1IV/V,STAR G1IV,140.65
HIP 90606,277.33342045,-80.23255408,-23.34,-63.39,9.36,K2III,STAR K2III,106.84
HIP 110100,334.54501955,-80.22904765,-22.27,1.45,4.22,K2III,STAR K2III,236.97
HIP 63768,196.06532855,-80.21900966,-51.12,-13.51,4.28,Fm...,STAR F0,233.64
HIP 89445,273.81570143,-80.21743353,-2.53,4.83,1.37,G6/G8III/IV,STAR G6IV,729.93
HIP 20049,64.49656949,-80.21418106,28.26,61.02,8,K2/K3III+..,STAR K2III,125.00
HIP 76351,233.91704974,-80.20469392,-47.57,44.04,26.01,K0/K1V,STAR K1V,38.45
HIP 76362,233.94850307,-80.20230323,-94.7,38.05,99.9,,UNIDENTIFIED,10.01
HIP 24187,77.89713006,-80.19226875,18.85,-100.59,5.51,K1III,STAR K1III,181.49
HIP 35937,111.1270351,-80.18552054,176.36,61.96,33.17,M...,STAR M0,30.15
HIP 92877,283.87084123,-80.178033,51.35,-10.89,7.2,F6V,STAR F6V,138.89
HIP 78347,239.96087228,-80.17802865,12.85,-2.91,4.28,Fm...,STAR F0,233.64
HIP 8366,26.94453905,-80.17616913,-71.73,-58.41,16.13,F0III,STAR F0III,62.00
HIP 938,2.90304188,-80.17376516,-10.01,12.91,4.78,G8III,STAR G8III,209.21
HIP 38259,117.56811364,-80.16942423,20.94,21.36,10.48,G5V,STAR G5V,95.42
HIP 52874,162.1989511,-80.16156501,-27.24,57.79,11.09,G3V,STAR G3V,90.17
HIP 108900,330.89260728,-80.15972377,156.32,-175.17,15.36,,UNIDENTIFIED,65.10
HIP 41995,128.40101212,-80.15864439,-46.26,-3.76,4.9,K3III,STAR K3III,204.08
HIP 75937,232.64875049,-80.15695487,19.95,-45.99,10.95,G0/G1,STAR G1,91.32
HIP 43911,134.18238847,-80.13842673,-25.34,32.41,5.34,A8V,STAR A8V,187.27
HIP 32821,102.62786905,-80.1357112,-5.25,-6.76,2.25,K2II/III,STAR K2III,444.44
HIP 102803,312.40523893,-80.13364871,1.67,14.56,5.15,K0IIIp,STAR K0III,194.17
HIP 49299,150.94136094,-80.13101467,19.1,-5.09,3.26,F0IV,STAR F0IV,306.75
HIP 112781,342.59477516,-80.12381446,20.14,-12.76,7.35,B6IV,STAR B6IV,136.05
HIP 20195,64.92829315,-80.12013436,-5.72,9.6,3.61,F5IV/V,STAR F5IV,277.01
HIP 105514,320.55868354,-80.11370623,240.35,-105.7,11.58,G8IV,STAR G8IV,86.36
HIP 64173,197.27975349,-80.11349212,-14.41,-11.63,1.4,K3III,STAR K3III,714.29
HIP 5598,17.9426956,-80.11225569,76.54,25.89,6.75,F0V,STAR F0V,148.15
HIP 28068,89.00981574,-80.11060901,-5.83,16.18,2.9,G8/K0III,STAR G8III,344.83
HIP 70248,215.5966542,-80.108911,-10.89,-14.13,5.92,B4V,STAR B4V,168.92
HIP 70861,217.35919943,-80.10336146,-45.22,6.51,13.52,F5V,STAR F5V,73.96
HIP 84180,258.12583781,-80.09860891,-52.89,-90.47,5.94,F8V,STAR F8V,168.35
HIP 116337,353.59589572,-80.09844465,9.52,2.66,2.67,F5IV/V,STAR F5IV,374.53
HIP 80741,247.27165561,-80.09706422,-194.17,-127.97,12.27,G6V,STAR G6V,81.50
HIP 97159,296.22708463,-80.08853244,8.22,-35.98,2.17,M2III,STAR M2III,460.83
HIP 83175,254.99025232,-80.08617684,-7.6,-7.63,2.69,M,STAR M0,371.75
HIP 120159,320.74595833,-80.08133333,,,,,UNIDENTIFIED,#DIV/0!
HIP 68827,211.38404629,-80.07964945,7.31,-16.14,1.33,F0IV/V,STAR F0IV,751.88
HIP 99511,302.94298876,-80.07657037,11.78,-276.06,7.13,,UNIDENTIFIED,140.25
HIP 83046,254.54669402,-80.07246711,-6.69,-17.7,6.22,A0Vn,STAR A0V,160.77
HIP 60261,185.34141002,-80.06154016,-52.43,-4.38,6.96,A2m...,STAR A2,143.68
HIP 48320,147.75333462,-80.06109591,-3.19,15.33,4.64,B8IV,STAR B8IV,215.52
HIP 11183,36.01008597,-80.0454869,6.1,2.61,3.31,M...,STAR M0,302.11
HIP 106424,323.33778586,-80.03930788,22.52,-22.09,9.05,A0V,STAR A0V,110.50
HIP 17321,55.61886909,-80.02530175,59.79,-69.75,-3.52,F:,STAR F0,-284.09
HIP 97459,297.13749014,-80.02394413,21.32,-103.2,4.17,G6IV,STAR G6IV,239.81
HIP 17319,55.61073957,-80.02016443,-0.03,0.14,2.32,G1III/IV,STAR G1IV,431.03
HIP 12667,40.68591222,-80.0120697,14.88,-6.62,4.01,K0III,STAR K0III,249.38
HIP 71550,219.5111517,-79.99592869,-14.88,-8.95,5.66,A4IV,STAR A4IV,176.68
HIP 94421,288.27327737,-79.99447437,-7.06,-40.52,4.39,K,STAR K0,227.79
HIP 95958,292.70834593,-79.98587565,9.11,-18.5,5.2,F5/F6V,STAR F5V,192.31
HIP 34744,107.90299552,-79.98570506,-10.72,9.23,5.07,A2V,STAR A2V,197.24
HIP 42427,129.77850898,-79.98330198,-4.02,1.51,1.31,K5,STAR K5,763.36
HIP 64951,199.70140385,-79.97596131,-18.11,-22.9,7.35,B9.5/A0V,STAR B9V,136.05
HIP 53096,162.93466023,-79.96417958,-14.85,-1,2.69,G8/K0III,STAR G8III,371.75
HIP 35661,110.37159772,-79.96055126,-26.79,125.04,12.49,G6IV/V+...,STAR G6IV,80.06
HIP 71209,218.44352117,-79.95522099,-10,-8.36,3.5,G8IIICN...,STAR G8III,285.71
HIP 63417,194.92931933,-79.94666258,-28.28,-16.35,4.72,A1V,STAR A1V,211.86
HIP 90359,276.57108667,-79.92735874,5.72,-17.23,1.67,M1/M2III,STAR M1III,598.80
HIP 7231,23.30383713,-79.92661098,32.51,11.09,3.69,A1IV/V,STAR A1IV,271.00
HIP 106051,322.21043347,-79.92568574,10.15,-16.24,5.41,K0II/III,STAR K0III,184.84
HIP 51785,158.71897474,-79.91678317,-6.18,-3.86,1.73,M0,STAR M0,578.03
HIP 26321,84.0864763,-79.91430909,1.28,-3.91,3.04,A3V,STAR A3V,328.95
HIP 7958,25.54768997,-79.91284388,35.82,26.43,6.52,F0II/III,STAR F0III,153.37
HIP 117596,357.73104716,-79.89858366,-84.59,4.5,18.64,G3V,STAR G3V,53.65
HIP 6641,21.29923965,-79.89606497,26.35,-0.98,2.75,G8/K0III,STAR G8III,363.64
HIP 6618,21.24452645,-79.89366943,70.37,-25.16,-3.01,G5,STAR G5,-332.23
HIP 28525,90.31930573,-79.87178229,0.45,37.18,13.79,G0V,STAR G0V,72.52
HIP 21124,67.90739044,-79.87109682,-1.22,11.05,2.44,K5,STAR K5,409.84
HIP 102608,311.90165716,-79.85364231,-13.42,6.33,5.64,K0IIICN...,STAR K0III,177.30
HIP 1292,4.04683817,-79.85104079,433.87,-57.95,56.76,G6V,STAR G6V,17.62
HIP 85558,262.2681493,-79.84278499,32.44,2.09,7.14,G0V,STAR G0V,140.06
HIP 47186,144.24112521,-79.8397856,-21.86,12.07,3.74,F7/F8V,STAR F7V,267.38
HIP 88757,271.7898086,-79.83784885,34.52,-13.42,6.06,F5V,STAR F5V,165.02
HIP 66697,205.07941991,-79.83356081,-7.39,-1.53,0.58,B9IIIp...,STAR B9III,"1,724.14"
HIP 80158,245.42999759,-79.8318862,-24.01,-52.76,5.83,A5III/IV,STAR A5IV,171.53
HIP 24014,77.43061758,-79.82115588,4.19,10.79,2.59,K1III,STAR K1III,386.10
HIP 12173,39.21492683,-79.81398097,-11.29,-3.31,3.96,K0III,STAR K0III,252.53
HIP 18179,58.33326059,-79.80978558,4.06,0.33,7.62,F5V,STAR F5V,131.23
HIP 52674,161.56275589,-79.80887941,-12.08,15.93,0.71,K0,STAR K0,"1,408.45"
HIP 22260,71.89437577,-79.80724298,-1.42,2.37,2.14,Fm...,STAR F0,467.29
HIP 73041,223.91060349,-79.8057252,-19.05,-1.74,4.89,F5IV/V,STAR F5IV,204.50
HIP 30767,96.98143049,-79.79960184,6.57,9.25,2.24,K5/M0III:,STAR K5III,446.43
HIP 12654,40.64703164,-79.78437921,91.9,108.26,16.85,G8/K0IV/V,STAR G8IV,59.35
HIP 61192,188.07787665,-79.78385898,-29.18,6.5,7.42,A0V,STAR A0V,134.77
HIP 52340,160.46490038,-79.78330226,-17.5,5.82,3.26,B5IV,STAR B5IV,306.75
HIP 67107,206.313895,-79.76810148,-27.26,-8.58,1.05,K4III,STAR K4III,952.38
HIP 25381,81.45441346,-79.76270615,12.39,32.22,4.96,F8IV/V,STAR F8IV,201.61
HIP 53961,165.60052061,-79.76086379,3.72,-7.12,-0.28,K0,STAR K0,"-3,571.43"
HIP 54374,166.87007066,-79.75704467,-12.87,-1.22,4.16,A2V,STAR A2V,240.38
HIP 61288,188.38348201,-79.75448055,-132.35,-38.03,9.83,F7V,STAR F7V,101.73
HIP 70858,217.34622321,-79.74942478,32.42,14.15,3.42,,UNIDENTIFIED,292.40
HIP 70847,217.32231024,-79.74729756,88.31,68.97,10.09,F7/F8V,STAR F7V,99.11
HIP 29092,92.05365,-79.72585505,4.19,21.11,5.31,A0/A1V,STAR A1V,188.32
HIP 59075,181.72549552,-79.72114478,-9.04,14.75,3.86,K0,STAR K0,259.07
HIP 108377,329.34659665,-79.72055358,29.03,-37.08,4.61,K0III,STAR K0III,216.92
HIP 113169,343.74908344,-79.7194756,5.8,-12.38,3.55,K0III,STAR K0III,281.69
HIP 74456,228.23312763,-79.71850884,1.83,0.45,2.04,K2III,STAR K2III,490.20
HIP 30477,96.10267685,-79.71592283,19.01,30.37,4.23,G5IV/V,STAR G5IV,236.41
HIP 70266,215.65741727,-79.71580353,7.13,1.88,2.69,M2III,STAR M2III,371.75
HIP 33737,105.12701251,-79.69625443,3.37,59.56,15.6,K3V,STAR K3V,64.10
HIP 8419,27.1528065,-79.6895287,1.87,12.5,3.3,K5,STAR K5,303.03
HIP 39255,120.41835048,-79.6819244,4.61,-6.74,5.48,F7/F8V,STAR F7V,182.48
HIP 24939,80.13857661,-79.68085214,15.83,-7.07,0.76,K4,STAR K4,"1,315.79"
HIP 72721,223.02285088,-79.67963471,-17.67,9.04,0.71,,UNIDENTIFIED,"1,408.45"
HIP 42539,130.07770704,-79.67389066,142.25,-61.31,18.56,F8V,STAR F8V,53.88
HIP 46556,142.40758001,-79.67212511,-32.88,38.84,3.88,F3/F5IV/V,STAR F3IV,257.73
HIP 37855,116.39835843,-79.66904231,-16.52,42.17,11.97,F8V,STAR F8V,83.54
HIP 55225,169.64252563,-79.66860236,57.7,-20.06,15.5,A8IIIm...,STAR A8III,64.52
HIP 82242,252.04129873,-79.66531005,-5.26,-15.89,0.73,A2/3IIIs:,STAR A2III,"1,369.86"
HIP 3536,11.27280357,-79.66394792,-13.57,2.47,0.59,K1/K2III:,STAR K1III,"1,694.92"
HIP 49423,151.3245301,-79.66285643,-19.46,6.88,4.38,G8/K0III:,STAR G8III,228.31
HIP 66023,203.04532199,-79.66075679,-24.7,-7.88,3.08,K2III,STAR K2III,324.68
HIP 110895,337.01338086,-79.65933599,2.27,-1.88,4.61,K1/K2III:,STAR K1III,216.92
HIP 38916,119.46307887,-79.63267674,-13.09,6.47,3.35,K3III,STAR K3III,298.51
HIP 91271,279.2612143,-79.62913162,-21.01,11.71,9.45,G0V,STAR G0V,105.82
HIP 77492,237.34272974,-79.62341925,-27.07,-51.43,8.83,G3/G5III,STAR G3III,113.25
HIP 74240,227.57884384,-79.6127957,10.6,-2.98,13.58,F3IV/V,STAR F3IV,73.64
HIP 32068,100.49903733,-79.60900098,-0.81,92.09,8.16,F8/G0V,STAR F8V,122.55
HIP 76498,234.35849436,-79.60806015,-27.5,-21.46,6.92,F6V,STAR F6V,144.51
HIP 100416,305.42985597,-79.59763196,13.71,-9.24,6.78,A0/A1V,STAR A1V,147.49
HIP 13673,44.02348624,-79.59206503,-36.09,32.79,4.75,K0III/IV,STAR K0IV,210.53
HIP 47658,145.75723227,-79.59171675,-9.68,40.69,7.94,K2III,STAR K2III,125.94
HIP 53151,163.1194501,-79.55944198,-11.29,2.09,1.94,K2II/III,STAR K2III,515.46
HIP 107833,327.68521859,-79.54641214,12.47,-31.21,0.9,K3III:,STAR K3III,"1,111.11"
HIP 79904,244.64501903,-79.54210825,0.74,-3.73,1.23,K1/K2III,STAR K1III,813.01
HIP 9711,31.23284511,-79.53800785,54.3,-139.8,27.6,,UNIDENTIFIED,36.23
HIP 20144,64.77648938,-79.52097701,-11.56,15.3,10.09,A7III/IV,STAR A7IV,99.11
HIP 52069,159.60685526,-79.51006911,-50.21,29.49,7.31,A8V,STAR A8V,136.80
HIP 23547,75.95509223,-79.50714737,92.04,174.15,10.72,G5,STAR G5,93.28
HIP 43012,131.48014451,-79.50457035,-26.11,81.26,5.83,K5III,STAR K5III,171.53
HIP 55984,172.10936546,-79.50359066,-16.63,-4.31,2.03,G5,STAR G5,492.61
HIP 6056,19.43876702,-79.4956124,52.31,28.68,6.86,G2V,STAR G2V,145.77
HIP 94255,287.79115387,-79.49012639,29.08,23,5.8,K0III,STAR K0III,172.41
HIP 114258,347.09809853,-79.4805999,92.62,-36.52,13.44,A7Vn,STAR A7V,74.40
HIP 71139,218.23473109,-79.48021344,-16.1,-6.6,1.99,K3III:,STAR K3III,502.51
HIP 69992,214.82427834,-79.4780869,25.91,17.23,10.57,G1V,STAR G1V,94.61
HIP 86703,265.7394933,-79.47786982,0.58,5.52,1.16,M0III:,STAR M0III,862.07
HIP 115129,349.785614,-79.47243616,27.68,10.95,6.66,K0III,STAR K0III,150.15
HIP 83466,255.88985718,-79.46994023,-7.94,-34.21,2.89,A2m...,STAR A2,346.02
HIP 13819,44.47217489,-79.46833428,31.64,29.03,1.24,K5,STAR K5,806.45
HIP 60287,185.43673634,-79.46657665,-16.35,-9.8,6.95,A1V,STAR A1V,143.88
HIP 62287,191.46964773,-79.4622476,-82.03,-12.24,8.82,F7V,STAR F7V,113.38
HIP 21519,69.31385916,-79.45933952,15.26,37.28,4.55,G8/K0p...,STAR G8,219.78
HIP 44296,135.32577742,-79.45617867,-11.83,15.01,2.31,A0Vn,STAR A0V,432.90
HIP 106881,324.73396995,-79.44251799,70.81,-26.91,16.64,F4IV,STAR F4IV,60.10
HIP 114991,349.35028989,-79.43358373,27.71,15.53,6.37,A8IV,STAR A8IV,156.99
HIP 34554,107.37722557,-79.4320183,-3.58,15.64,2.6,A0IV,STAR A0IV,384.62
HIP 99013,301.5198221,-79.42319769,26.52,-32.03,7.76,A7IV/V,STAR A7IV,128.87
HIP 37231,114.71101126,-79.42141964,3.25,-20.6,5.56,F5IV,STAR F5IV,179.86
HIP 33384,104.14366809,-79.42018913,-1.54,-1.61,9.17,B9.5V,STAR B9V,109.05
HIP 77761,238.16865895,-79.40381546,-6.19,-14.84,5.25,B8V,STAR B8V,190.48
HIP 100913,306.90410381,-79.39334508,0.36,-39.48,2.61,K2III,STAR K2III,383.14
HIP 14900,48.06747256,-79.38909565,17.81,23.39,2.28,K3III,STAR K3III,438.60
HIP 63639,195.64844357,-79.36516158,-31.57,-16.14,9.27,F5V,STAR F5V,107.87
HIP 27566,87.56999717,-79.36152292,-4.5,65.95,12.06,B9.5V,STAR B9V,82.92
HIP 55156,169.38788138,-79.35997497,-60.63,26.51,9.72,G3IV/V,STAR G3IV,102.88
HIP 58285,179.30689866,-79.35873732,-39.61,-9.87,15.06,F5,STAR F5,66.40
HIP 45071,137.70196417,-79.35863568,-14.16,11.12,3.52,A1V,STAR A1V,284.09
HIP 22404,72.31997104,-79.35614739,-8.66,8.09,3.92,K2III,STAR K2III,255.10
HIP 15824,50.97353902,-79.35563071,54.8,123.25,4.94,,UNIDENTIFIED,202.43
HIP 68712,211.00188939,-79.35529879,-4.24,20.29,6.05,F7V,STAR F7V,165.29
HIP 109878,333.81913948,-79.35288097,16.31,-11.36,3.89,K2III,STAR K2III,257.07
HIP 19433,62.4296367,-79.34374835,-7.08,4.11,3.33,G5,STAR G5,300.30
HIP 45419,138.82409878,-79.33240847,15.6,-11.17,2.57,K3III,STAR K3III,389.11
HIP 40415,123.75740291,-79.31875496,-16.19,33.36,6.14,A0V,STAR A0V,162.87
HIP 1790,5.69099076,-79.31283728,21.49,-5.87,1.44,F0V,STAR F0V,694.44
HIP 60000,184.58726633,-79.31226899,-38.07,12,12.05,B5Vn,STAR B5V,82.99
HIP 7696,24.7685448,-79.30960207,-26.23,27.46,8.8,G0V,STAR G0V,113.64
HIP 27086,86.14852655,-79.30762178,2.51,26.61,2.34,,UNIDENTIFIED,427.35
HIP 57137,175.72721843,-79.30636263,127.49,-10.97,17.95,K0III/IV,STAR K0IV,55.71
HIP 75692,231.94622912,-79.30621173,-17.03,30.71,11.46,K1III,STAR K1III,87.26
HIP 110282,335.07796536,-79.29479781,-0.96,-1.85,3.18,A3V,STAR A3V,314.47
HIP 108615,330.04737102,-79.29193684,18.07,-17.85,6.86,G3V,STAR G3V,145.77
HIP 64621,198.66901595,-79.29127736,-110.72,-55.46,11.88,G0V,STAR G0V,84.18
HIP 87327,267.65684608,-79.29061572,12.35,-36.7,8.34,F7V,STAR F7V,119.90
HIP 104453,317.38904449,-79.27385567,-35.48,31.99,16.72,F7V,STAR F7V,59.81
HIP 90421,276.73990408,-79.26936306,-5.89,-32.52,3.45,K1III,STAR K1III,289.86
HIP 55085,169.17262951,-79.26465467,-8.2,3.26,1.67,M2,STAR M2,598.80
HIP 78900,241.59608466,-79.25821964,2.34,-12.99,5.12,F5IV,STAR F5IV,195.31
HIP 446,1.3422976,-79.25391278,23.81,66.32,5.05,K0III,STAR K0III,198.02
HIP 69020,211.94565434,-79.25148841,-39.64,-12.55,3.84,K0III,STAR K0III,260.42
HIP 56728,174.45548842,-79.24213369,-30.98,8.51,1.38,K2III,STAR K2III,724.64
HIP 5162,16.51843812,-79.23608522,4,0.56,0.13,M1III:,STAR M1III,"7,692.31"
HIP 1425,4.45528702,-79.23233724,-12.06,-21.64,6.42,F8V,STAR F8V,155.76
HIP 92097,281.55312983,-79.22587235,-45.15,-8.49,6.86,F3V,STAR F3V,145.77
HIP 28461,90.14169154,-79.22074947,-5.69,2.36,3.59,K3III,STAR K3III,278.55
HIP 93496,285.61148556,-79.21525875,-16.93,-19.1,8.71,F5IV,STAR F5IV,114.81
HIP 42054,128.57975105,-79.21321367,-9.54,25.47,3.05,K2/K3III:,STAR K2III,327.87
HIP 6518,20.92486898,-79.21187983,-15.66,-35.38,5.02,F5V,STAR F5V,199.20
HIP 96118,293.14913128,-79.19441144,-23.73,107.94,11.41,G5V,STAR G5V,87.64
HIP 64612,198.65017101,-79.19350564,-1.66,-10.09,4.15,K1III:,STAR K1III,240.96
HIP 70094,215.15169804,-79.18876257,18.22,-12.36,5.35,F5/F6V,STAR F5V,186.92
HIP 4210,13.42767922,-79.17178746,10.51,0.36,-0.22,K2,STAR K2,"-4,545.45"
HIP 35671,110.40104696,-79.16470248,-42.54,111.67,3.72,K2III,STAR K2III,268.82
HIP 117675,357.97433028,-79.16198918,11,8.17,1.15,K1:p...,STAR K1,869.57
HIP 39173,120.18352459,-79.15763025,2.32,19.14,3.63,G8III,STAR G8III,275.48
HIP 7879,25.33868782,-79.14825374,59.76,22.13,8.26,G6/G8III,STAR G6III,121.07
HIP 74663,228.86579043,-79.13642926,-27.33,-34.11,6.99,K1II/III+..,STAR K1III,143.06
HIP 93139,284.60053557,-79.13262641,0.19,-5.83,0.83,M0III:,STAR M0III,"1,204.82"
HIP 50984,156.2223531,-79.12865527,-8.53,2.84,1.07,K4/K5,STAR K4,934.58
HIP 72233,221.5825875,-79.11993302,4.45,1.24,2.98,K5III,STAR K5III,335.57
HIP 99379,302.56456075,-79.11062492,-39.56,36.1,5.43,G8III,STAR G8III,184.16
HIP 11757,37.91716991,-79.10924959,137.14,-54.42,11.18,G4III,STAR G4III,89.45
HIP 16815,54.10429036,-79.09864272,-14.42,-24.38,6.38,K0/K1III,STAR K1III,156.74
HIP 36638,113.01818738,-79.09620906,-5.11,3.42,1.76,M1III,STAR M1III,568.18
HIP 36039,111.40911866,-79.09420265,-29.88,5.95,6.99,K2/K3III,STAR K2III,143.06
HIP 102428,311.33627384,-79.0900818,8.57,-23.4,0.95,M3III:,STAR M3III,"1,052.63"
HIP 76378,233.98909294,-79.08602275,-5.14,-6.28,2.36,Ap...,STAR A0,423.73
HIP 32840,102.68511343,-79.08380033,-29.08,59,7.67,K1/K2IV,STAR K1IV,130.38
HIP 2925,9.27537311,-79.08226868,17.6,-0.14,2.01,F0V,STAR F0V,497.51
HIP 66069,203.17320559,-79.07490314,-9.11,-1.24,2.25,K2II,STAR K2II,444.44
HIP 46148,141.16944596,-79.07467836,-23.17,20.73,5.21,B9.5V,STAR B9V,191.94
HIP 100303,305.14931623,-79.07111486,3.7,-73.28,10.02,F7V,STAR F7V,99.80
HIP 42794,130.80128686,-79.0701501,-30.83,28.12,10.23,A7V,STAR A7V,97.75
HIP 30170,95.22447875,-79.06680087,-26.13,33.74,8.68,K0III,STAR K0III,115.21
HIP 84369,258.72919674,-79.06657432,10.52,-57.2,3.76,Fp,STAR F0,265.96
HIP 84941,260.39580528,-79.06507201,8.38,11.84,5.21,A7III,STAR A7III,191.94
HIP 67405,207.21358503,-79.06460034,-13.08,-5.78,1.35,A0/A1V,STAR A1V,740.74
HIP 49416,151.30787682,-79.062396,-79.43,64.81,6.93,A4III/IV,STAR A4IV,144.30
